time,accel.x,accel.y,accel.z,att.roll,att.roll_sp,alt.baro,bat.voltage,bat.current,throttle,gps.satellites,gps.hdop,armed
0.0000,-0.6435,-0.8461,-10.0922,0.0039,0.0000,0.0931,23.8603,0.4000,0.0000,4.0000,4.5000,0.0000
0.0100,-0.2241,-1.6933,-9.4475,0.0034,0.0000,0.1296,23.8593,0.4000,0.0000,4.0000,4.5000,0.0000
0.0200,0.0931,-0.2835,-9.3750,0.0029,0.0000,0.1661,23.8584,0.4000,0.0000,4.0000,4.5000,0.0000
0.0300,-0.0791,-0.5470,-7.7530,0.0019,0.0000,0.2026,23.8574,0.4000,0.0000,4.0000,4.5000,0.0000
0.0400,-0.1563,0.3311,-9.8588,0.0008,0.0000,0.2391,23.8564,0.4000,0.0000,4.0000,4.5000,0.0000
0.0500,0.7994,-0.0525,-10.4814,-0.0001,0.0000,0.2756,23.8554,0.4000,0.0011,4.0000,4.5000,0.0000
0.0600,0.2775,-0.1431,-10.4431,-0.0010,0.0000,0.2631,23.8544,0.4000,0.0022,4.0000,4.5000,0.0000
0.0700,-0.2134,-0.4893,-10.6297,-0.0008,0.0000,0.2506,23.8535,0.4000,0.0033,4.0000,4.5000,0.0000
0.0800,-0.3849,-0.4565,-10.1869,-0.0007,0.0000,0.2381,23.8525,0.4000,0.0044,4.0000,4.5000,0.0000
0.0900,-0.0239,-0.9869,-10.4311,-0.0038,0.0000,0.2256,23.8515,0.4000,0.0082,4.0000,4.5000,0.0000
0.1000,0.8573,0.2028,-11.7560,-0.0070,0.0000,0.2131,23.8505,0.4000,0.0121,4.0000,4.5000,0.0000
0.1100,1.0783,-0.1838,-9.3982,-0.0032,0.0000,0.1500,23.8492,0.4000,0.0159,4.0000,4.5000,0.0000
0.1200,0.0576,-0.8385,-9.5790,0.0006,0.0000,0.0870,23.8479,0.4000,0.0197,4.0000,4.5000,0.0000
0.1300,-0.2527,0.3948,-11.8738,-0.0004,0.0000,0.0239,23.8467,0.4000,0.0148,4.0000,4.5000,0.0000
0.1400,-0.9536,0.0607,-10.2965,-0.0014,0.0000,-0.0392,23.8454,0.4000,0.0098,4.0000,4.5000,0.0000
0.1500,-0.1919,-0.0666,-8.2385,-0.0002,0.0000,-0.1022,23.8441,0.4000,0.0049,4.0000,4.5000,0.0000
0.1600,0.6547,-0.4550,-8.7032,0.0010,0.0000,-0.1863,23.8428,0.4000,0.0000,4.0000,4.5000,0.0000
0.1700,-1.2585,0.5398,-9.4763,0.0011,0.0000,-0.2704,23.8415,0.4000,0.0000,4.0000,4.5000,0.0000
0.1800,0.6738,0.0636,-10.6162,0.0011,0.0000,-0.3545,23.8402,0.4000,0.0000,4.0000,4.5000,0.0000
0.1900,-0.1398,0.6463,-9.6530,0.0025,0.0000,-0.4386,23.8389,0.4000,0.0000,4.0000,4.5000,0.0000
0.2000,0.2642,0.7485,-10.1101,0.0038,0.0000,-0.5227,23.8376,0.4000,0.0000,4.0000,4.5000,0.0000
0.2100,0.0707,0.5414,-8.8932,0.0014,0.0000,-0.5151,23.8378,0.4000,0.0001,4.0000,4.5000,0.0000
0.2200,0.7638,0.3042,-9.6707,-0.0011,0.0000,-0.5076,23.8379,0.4000,0.0003,4.0000,4.5000,0.0000
0.2300,-0.2067,0.0527,-10.3648,-0.0000,0.0000,-0.5001,23.8380,0.4000,0.0004,4.0000,4.5000,0.0000
0.2400,-0.1973,0.0213,-9.9633,0.0010,0.0000,-0.4926,23.8381,0.4000,0.0005,4.0000,4.5000,0.0000
0.2500,-1.1299,0.2244,-9.3778,0.0028,0.0000,-0.4851,23.8382,0.4000,0.0005,4.0000,4.5000,0.0000
0.2600,-0.0719,-0.0987,-8.8304,0.0047,0.0000,-0.3668,23.8384,0.4000,0.0004,4.0000,4.5000,0.0000
0.2700,0.2563,0.0416,-9.5895,0.0015,0.0000,-0.2485,23.8385,0.4000,0.0004,4.0000,4.5000,0.0000
0.2800,0.1294,-0.1696,-10.4274,-0.0017,0.0000,-0.1303,23.8386,0.4000,0.0003,4.0000,4.5000,0.0000
0.2900,-0.4745,0.7653,-9.9201,-0.0008,0.0000,-0.0120,23.8387,0.4000,0.0003,4.0000,4.5000,0.0000
0.3000,-0.6277,0.4477,-10.2023,0.0001,0.0000,0.1062,23.8388,0.4000,0.0002,4.0000,4.5000,0.0000
0.3100,0.0318,0.2304,-10.7494,0.0002,0.0000,0.1609,23.8352,0.4000,0.0001,4.0000,4.5000,0.0000
0.3200,-0.3843,0.5688,-9.8803,0.0002,0.0000,0.2156,23.8316,0.4000,0.0000,4.0000,4.5000,0.0000
0.3300,0.9243,-0.3181,-9.6515,-0.0018,0.0000,0.2703,23.8280,0.4000,0.0000,4.0000,4.5000,0.0000
0.3400,0.0564,-0.3709,-9.5438,-0.0038,0.0000,0.3250,23.8244,0.4000,0.0000,4.0000,4.5000,0.0000
0.3500,-0.6682,0.8992,-9.3696,-0.0013,0.0000,0.3797,23.8207,0.4000,0.0000,4.0000,4.5000,0.0000
0.3600,0.8354,0.2154,-10.0676,0.0011,0.0000,0.2844,23.8171,0.4000,0.0000,4.0000,4.5000,0.0000
0.3700,0.2306,1.2634,-10.0608,-0.0011,0.0000,0.1890,23.8135,0.4000,0.0000,4.0000,4.5000,0.0000
0.3800,0.4700,0.6485,-10.3173,-0.0034,0.0000,0.0937,23.8099,0.4000,0.0000,4.0000,4.5000,0.0000
0.3900,0.1989,-0.0895,-11.1996,0.0003,0.0000,-0.0017,23.8063,0.4000,0.0000,4.0000,4.5000,0.0000
0.4000,-0.6814,-0.1780,-10.2499,0.0040,0.0000,-0.0970,23.8026,0.4000,0.0000,4.0000,4.5000,0.0000
0.4100,0.3227,-1.0000,-10.5944,0.0001,0.0000,-0.0588,23.8022,0.4000,0.0014,4.0000,4.5000,0.0000
0.4200,-0.5366,-1.1575,-10.3212,-0.0038,0.0000,-0.0206,23.8017,0.4000,0.0028,4.0000,4.5000,0.0000
0.4300,-1.6141,-0.1503,-10.5605,-0.0015,0.0000,0.0176,23.8013,0.4000,0.0042,4.0000,4.5000,0.0000
0.4400,0.7730,-0.4580,-9.4266,0.0008,0.0000,0.0558,23.8008,0.4000,0.0056,4.0000,4.5000,0.0000
0.4500,-0.9934,-0.5166,-7.8937,0.0002,0.0000,0.0939,23.8004,0.4000,0.0058,4.0000,4.5000,0.0000
0.4600,0.3929,0.3679,-10.4072,-0.0003,0.0000,-0.0034,23.7999,0.4000,0.0060,4.0000,4.5000,0.0000
0.4700,0.4194,0.2918,-8.9185,0.0004,0.0000,-0.1007,23.7994,0.4000,0.0062,4.0000,4.5000,0.0000
0.4800,-0.2180,0.9108,-8.8425,0.0011,0.0000,-0.1980,23.7990,0.4000,0.0065,4.0000,4.5000,0.0000
0.4900,0.6281,0.4190,-9.6301,0.0012,0.0000,-0.2953,23.7985,0.4000,0.0048,4.0000,4.5000,0.0000
0.5000,0.3086,0.4643,-10.0716,0.0014,0.0000,-0.3926,23.7981,0.4000,0.0032,4.0000,4.5000,0.0000
0.5100,0.4354,-0.0935,-9.6171,-0.0006,0.0000,-0.3497,23.7986,0.4000,0.0016,4.0000,4.5000,0.0000
0.5200,0.2077,-0.3283,-11.1311,-0.0026,0.0000,-0.3069,23.7991,0.4000,0.0000,4.0000,4.5000,0.0000
0.5300,0.4091,0.7139,-10.6529,-0.0007,0.0000,-0.2641,23.7996,0.4000,0.0024,4.0000,4.5000,0.0000
0.5400,-0.1894,-0.2236,-9.5838,0.0012,0.0000,-0.2213,23.8001,0.4000,0.0048,4.0000,4.5000,0.0000
0.5500,-0.3300,-0.7874,-9.8836,-0.0003,0.0000,-0.1784,23.8005,0.4000,0.0072,4.0000,4.5000,0.0000
0.5600,-0.2591,-0.3123,-10.3641,-0.0018,0.0000,-0.1710,23.8010,0.4000,0.0096,4.0000,4.5000,0.0000
0.5700,-0.0619,-0.6755,-10.1850,0.0001,0.0000,-0.1635,23.8015,0.4000,0.0072,4.0000,4.5000,0.0000
0.5800,-0.5509,-1.2469,-8.8663,0.0019,0.0000,-0.1560,23.8020,0.4000,0.0048,4.0000,4.5000,0.0000
0.5900,0.6608,0.8803,-8.8835,-0.0008,0.0000,-0.1486,23.8025,0.4000,0.0024,4.0000,4.5000,0.0000
0.6000,-0.1603,1.0943,-8.9778,-0.0034,0.0000,-0.1411,23.8030,0.4000,0.0000,4.0000,4.5000,0.0000
0.6100,-0.0333,0.1767,-7.9248,-0.0028,0.0000,-0.0738,23.8008,0.4000,0.0000,4.0000,4.5000,0.0000
0.6200,0.7153,-0.0908,-7.9067,-0.0022,0.0000,-0.0065,23.7986,0.4000,0.0000,4.0000,4.5000,0.0000
0.6300,-0.7060,0.0047,-11.2363,-0.0012,0.0000,0.0608,23.7964,0.4000,0.0000,4.0000,4.5000,0.0000
0.6400,0.1899,-0.4276,-9.8973,-0.0002,0.0000,0.1281,23.7942,0.4000,0.0000,4.0000,4.5000,0.0000
0.6500,-0.3059,0.2201,-10.7246,0.0010,0.0000,0.1954,23.7920,0.4000,0.0000,4.0000,4.5000,0.0000
0.6600,1.0058,-0.5478,-10.1357,0.0021,0.0000,0.1499,23.7898,0.4000,0.0000,4.0000,4.5000,0.0000
0.6700,-0.0872,-0.8874,-9.9057,0.0006,0.0000,0.1044,23.7876,0.4000,0.0000,4.0000,4.5000,0.0000
0.6800,-1.4957,-0.4553,-10.7435,-0.0009,0.0000,0.0589,23.7853,0.4000,0.0000,4.0000,4.5000,0.0000
0.6900,-0.7521,-0.0943,-10.4403,-0.0006,0.0000,0.0134,23.7831,0.4000,0.0021,4.0000,4.5000,0.0000
0.7000,-0.7478,-0.8792,-9.1129,-0.0004,0.0000,-0.0321,23.7809,0.4000,0.0042,4.0000,4.5000,0.0000
0.7100,0.5767,0.4537,-9.8996,0.0018,0.0000,-0.0022,23.7795,0.4000,0.0062,4.0000,4.5000,0.0000
0.7200,0.5711,0.5859,-9.3228,0.0040,0.0000,0.0276,23.7781,0.4000,0.0083,4.0000,4.5000,0.0000
0.7300,-0.5504,-0.0998,-9.9039,0.0030,0.0000,0.0575,23.7766,0.4000,0.0062,4.0000,4.5000,0.0000
0.7400,-0.0824,1.1342,-10.0017,0.0020,0.0000,0.0873,23.7752,0.4000,0.0042,4.0000,4.5000,0.0000
0.7500,-0.1205,-0.3551,-9.3814,0.0010,0.0000,0.1172,23.7738,0.4000,0.0021,4.0000,4.5000,0.0000
0.7600,0.5721,0.6150,-9.0446,-0.0001,0.0000,0.1439,23.7723,0.4000,0.0000,4.0000,4.5000,0.0000
0.7700,0.2535,0.8783,-9.7190,-0.0008,0.0000,0.1706,23.7709,0.4000,0.0000,4.0000,4.5000,0.0000
0.7800,1.2305,0.0065,-10.2585,-0.0016,0.0000,0.1974,23.7695,0.4000,0.0000,4.0000,4.5000,0.0000
0.7900,0.2680,-0.0910,-10.1438,-0.0017,0.0000,0.2241,23.7680,0.4000,0.0000,4.0000,4.5000,0.0000
0.8000,0.9355,-0.6226,-9.3362,-0.0018,0.0000,0.2508,23.7666,0.4000,0.0000,4.0000,4.5000,0.0000
0.8100,-0.0886,-0.5005,-9.4421,-0.0015,0.0000,0.1853,23.7656,0.4000,0.0000,4.0000,4.5000,0.0000
0.8200,-0.9244,0.1724,-9.5344,-0.0013,0.0000,0.1197,23.7646,0.4000,0.0000,4.0000,4.5000,0.0000
0.8300,-1.0529,-1.3315,-9.3065,-0.0018,0.0000,0.0541,23.7636,0.4000,0.0000,4.0000,4.5000,0.0000
0.8400,0.1709,-0.5934,-8.4203,-0.0023,0.0000,-0.0115,23.7627,0.4000,0.0000,4.0000,4.5000,0.0000
0.8500,-0.1860,0.3561,-9.0901,-0.0007,0.0000,-0.0770,23.7617,0.4000,0.0007,4.0000,4.5000,0.0000
0.8600,-1.1170,0.8697,-9.5867,0.0010,0.0000,-0.1584,23.7607,0.4000,0.0014,4.0000,4.5000,0.0000
0.8700,0.2792,0.4315,-10.5617,0.0013,0.0000,-0.2398,23.7597,0.4000,0.0021,4.0000,4.5000,0.0000
0.8800,-0.2776,1.2453,-8.8486,0.0016,0.0000,-0.3212,23.7587,0.4000,0.0028,4.0000,4.5000,0.0000
0.8900,0.8383,-0.1128,-9.0138,0.0019,0.0000,-0.4026,23.7577,0.4000,0.0025,4.0000,4.5000,0.0000
0.9000,-0.1065,-0.3329,-10.7906,0.0022,0.0000,-0.4840,23.7567,0.4000,0.0022,4.0000,4.5000,0.0000
0.9100,-0.7367,-0.7378,-9.6974,-0.0003,0.0000,-0.4273,23.7536,0.4000,0.0018,4.0000,4.5000,0.0000
0.9200,0.6587,0.5666,-10.4808,-0.0028,0.0000,-0.3706,23.7506,0.4000,0.0015,4.0000,4.5000,0.0000
0.9300,-0.4229,0.9552,-10.5723,-0.0015,0.0000,-0.3139,23.7475,0.4000,0.0011,4.0000,4.5000,0.0000
0.9400,-0.0303,-0.9329,-8.9377,-0.0002,0.0000,-0.2572,23.7444,0.4000,0.0008,4.0000,4.5000,0.0000
0.9500,0.3130,-0.1823,-11.2870,-0.0009,0.0000,-0.2004,23.7413,0.4000,0.0004,4.0000,4.5000,0.0000
0.9600,-0.0226,-0.4437,-9.2747,-0.0016,0.0000,-0.1420,23.7383,0.4000,0.0000,4.0000,4.5000,0.0000
0.9700,-0.4443,-0.3484,-9.9465,0.0020,0.0000,-0.0835,23.7352,0.4000,0.0000,4.0000,4.5000,0.0000
0.9800,-0.0276,0.6812,-8.3368,0.0056,0.0000,-0.0250,23.7321,0.4000,0.0000,4.0000,4.5000,0.0000
0.9900,0.8096,1.0279,-10.6033,0.0044,0.0000,0.0335,23.7290,0.4000,0.0000,4.0000,4.5000,0.0000
1.0000,-0.5178,-0.1082,-9.4970,0.0031,0.0000,0.0920,23.7260,0.4000,0.0000,4.0000,4.5000,0.0000
1.0100,0.2613,-0.3258,-9.4512,-0.0007,0.0000,0.1144,23.7261,0.4000,0.0007,4.0000,4.5000,0.0000
1.0200,0.3120,0.6198,-9.7969,-0.0046,0.0000,0.1369,23.7262,0.4000,0.0014,4.0000,4.5000,0.0000
1.0300,0.4482,0.4364,-10.2724,-0.0007,0.0000,0.1593,23.7263,0.4000,0.0021,4.0000,4.5000,0.0000
1.0400,0.2542,-0.4593,-10.0076,0.0033,0.0000,0.1818,23.7263,0.4000,0.0028,4.0000,4.5000,0.0000
1.0500,0.4494,0.3030,-10.9362,0.0029,0.0000,0.2042,23.7264,0.4000,0.0021,4.0000,4.5000,0.0000
1.0600,-0.0219,-0.2437,-10.8314,0.0025,0.0000,0.0662,23.7265,0.4000,0.0014,4.0000,4.5000,0.0000
1.0700,-0.0906,-0.5390,-10.6870,0.0016,0.0000,-0.0719,23.7266,0.4000,0.0007,4.0000,4.5000,0.0000
1.0800,0.0969,-0.2451,-10.1587,0.0007,0.0000,-0.2099,23.7267,0.4000,0.0000,4.0000,4.5000,0.0000
1.0900,-1.3896,-0.5092,-9.4445,0.0018,0.0000,-0.3479,23.7268,0.4000,0.0013,4.0000,4.5000,0.0000
1.1000,0.6028,0.4864,-8.8515,0.0028,0.0000,-0.4859,23.7269,0.4000,0.0026,4.0000,4.5000,0.0000
1.1100,0.9271,-0.0780,-10.0007,0.0029,0.0000,-0.3809,23.7235,0.4000,0.0039,4.0000,4.5000,0.0000
1.1200,0.1364,0.2612,-10.0012,0.0030,0.0000,-0.2759,23.7201,0.4000,0.0052,4.0000,4.5000,0.0000
1.1300,-0.4749,-0.3627,-10.2456,0.0015,0.0000,-0.1708,23.7167,0.4000,0.0042,4.0000,4.5000,0.0000
1.1400,-1.0728,0.1816,-9.4252,0.0000,0.0000,-0.0658,23.7133,0.4000,0.0032,4.0000,4.5000,0.0000
1.1500,-0.2067,0.4680,-9.0826,0.0009,0.0000,0.0393,23.7099,0.4000,0.0023,4.0000,4.5000,0.0000
1.1600,-0.0818,1.0332,-9.1088,0.0018,0.0000,0.0575,23.7065,0.4000,0.0013,4.0000,4.5000,0.0000
1.1700,1.4376,0.8401,-10.6083,0.0003,0.0000,0.0756,23.7031,0.4000,0.0017,4.0000,4.5000,0.0000
1.1800,0.7357,0.5626,-10.7170,-0.0012,0.0000,0.0938,23.6997,0.4000,0.0021,4.0000,4.5000,0.0000
1.1900,0.4056,-0.0328,-9.2222,-0.0007,0.0000,0.1119,23.6963,0.4000,0.0025,4.0000,4.5000,0.0000
1.2000,0.3589,-0.4120,-9.3805,-0.0003,0.0000,0.1301,23.6929,0.4000,0.0029,4.0000,4.5000,0.0000
1.2100,-0.3853,0.7630,-11.2588,-0.0000,0.0000,0.0107,23.6942,0.4000,0.0022,4.0000,4.5000,0.0000
1.2200,1.0805,-0.1525,-10.6739,0.0002,0.0000,-0.1087,23.6955,0.4000,0.0015,4.0000,4.5000,0.0000
1.2300,-0.1251,-0.2551,-10.0766,0.0010,0.0000,-0.2282,23.6968,0.4000,0.0007,4.0000,4.5000,0.0000
1.2400,-0.6743,-0.2050,-9.6970,0.0017,0.0000,-0.3476,23.6981,0.4000,0.0000,4.0000,4.5000,0.0000
1.2500,-0.0461,-0.0884,-9.2275,0.0008,0.0000,-0.4670,23.6994,0.4000,0.0013,4.0000,4.5000,0.0000
1.2600,-0.4812,-0.1630,-8.2597,-0.0002,0.0000,-0.2963,23.7007,0.4000,0.0025,4.0000,4.5000,0.0000
1.2700,0.2814,0.4844,-10.7349,-0.0001,0.0000,-0.1256,23.7020,0.4000,0.0038,4.0000,4.5000,0.0000
1.2800,0.7679,0.3073,-10.1393,0.0000,0.0000,0.0452,23.7032,0.4000,0.0050,4.0000,4.5000,0.0000
1.2900,0.2812,0.4936,-8.3123,0.0005,0.0000,0.2159,23.7045,0.4000,0.0051,4.0000,4.5000,0.0000
1.3000,-0.3666,0.6351,-10.9040,0.0011,0.0000,0.3866,23.7058,0.4000,0.0051,4.0000,4.5000,0.0000
1.3100,-0.1135,0.3711,-9.2784,-0.0015,0.0000,0.3429,23.7040,0.4000,0.0052,4.0000,4.5000,0.0000
1.3200,0.8460,-0.4558,-9.9970,-0.0040,0.0000,0.2992,23.7021,0.4000,0.0052,4.0000,4.5000,0.0000
1.3300,0.1434,0.1254,-9.6631,-0.0016,0.0000,0.2555,23.7003,0.4000,0.0039,4.0000,4.5000,0.0000
1.3400,-0.6309,-0.8558,-10.2599,0.0009,0.0000,0.2118,23.6984,0.4000,0.0026,4.0000,4.5000,0.0000
1.3500,-0.2321,-1.2520,-9.7072,0.0017,0.0000,0.1681,23.6966,0.4000,0.0013,4.0000,4.5000,0.0000
1.3600,-0.6576,-0.9987,-10.1574,0.0025,0.0000,0.1940,23.6947,0.4000,0.0000,4.0000,4.5000,0.0000
1.3700,-0.4104,0.7307,-8.7858,0.0026,0.0000,0.2199,23.6929,0.4000,0.0000,4.0000,4.5000,0.0000
1.3800,-0.5302,0.4673,-10.8451,0.0027,0.0000,0.2458,23.6910,0.4000,0.0001,4.0000,4.5000,0.0000
1.3900,0.4166,-1.1725,-9.2634,0.0022,0.0000,0.2717,23.6892,0.4000,0.0001,4.0000,4.5000,0.0000
1.4000,0.3040,-0.7085,-10.4158,0.0018,0.0000,0.2975,23.6873,0.4000,0.0002,4.0000,4.5000,0.0000
1.4100,0.7884,0.4316,-10.8911,-0.0000,0.0000,0.2707,23.6874,0.4000,0.0001,4.0000,4.5000,0.0000
1.4200,0.5175,0.0595,-9.6332,-0.0018,0.0000,0.2439,23.6875,0.4000,0.0001,4.0000,4.5000,0.0000
1.4300,1.6691,-1.1011,-10.1554,-0.0001,0.0000,0.2171,23.6876,0.4000,0.0000,4.0000,4.5000,0.0000
1.4400,1.1098,-0.4931,-8.4878,0.0017,0.0000,0.1902,23.6876,0.4000,0.0000,4.0000,4.5000,0.0000
1.4500,-0.2355,-0.0167,-10.5867,0.0021,0.0000,0.1634,23.6877,0.4000,0.0006,4.0000,4.5000,0.0000
1.4600,-0.1018,-0.5134,-10.1183,0.0025,0.0000,0.1415,23.6878,0.4000,0.0013,4.0000,4.5000,0.0000
1.4700,-0.5267,-1.1225,-9.5362,0.0020,0.0000,0.1196,23.6879,0.4000,0.0019,4.0000,4.5000,0.0000
1.4800,-0.3489,0.7383,-9.0466,0.0014,0.0000,0.0976,23.6879,0.4000,0.0026,4.0000,4.5000,0.0000
1.4900,0.1712,-0.6874,-10.0687,0.0000,0.0000,0.0757,23.6880,0.4000,0.0019,4.0000,4.5000,0.0000
1.5000,0.4076,-0.0582,-9.1890,-0.0014,0.0000,0.0538,23.6881,0.4000,0.0013,4.0000,4.5000,0.0000
1.5100,0.2402,0.4219,-9.9583,-0.0001,0.0000,0.0189,23.6879,0.4000,0.0006,4.0000,4.5000,0.0000
1.5200,-0.2860,-0.3408,-10.3014,0.0012,0.0000,-0.0161,23.6877,0.4000,0.0000,4.0000,4.5000,0.0000
1.5300,0.4600,-0.3265,-9.3171,-0.0002,0.0000,-0.0510,23.6875,0.4000,0.0000,4.0000,4.5000,0.0000
1.5400,1.5296,1.0982,-9.3397,-0.0016,0.0000,-0.0860,23.6873,0.4000,0.0000,4.0000,4.5000,0.0000
1.5500,0.1734,0.1845,-10.1364,-0.0021,0.0000,-0.1209,23.6871,0.4000,0.0000,4.0000,4.5000,0.0000
1.5600,-0.8093,0.8035,-9.9942,-0.0026,0.0000,0.0232,23.6868,0.4000,0.0000,4.0000,4.5000,0.0000
1.5700,-0.6964,0.3997,-8.9517,-0.0002,0.0000,0.1674,23.6866,0.4000,0.0013,4.0000,4.5000,0.0000
1.5800,0.3425,0.3015,-9.5736,0.0022,0.0000,0.3116,23.6864,0.4000,0.0026,4.0000,4.5000,0.0000
1.5900,-0.1257,-0.5162,-8.5120,0.0019,0.0000,0.4557,23.6862,0.4000,0.0040,4.0000,4.5000,0.0000
1.6000,-0.3757,-0.2128,-8.5760,0.0016,0.0000,0.5999,23.6860,0.4000,0.0053,4.0000,4.5000,0.0000
1.6100,0.8099,0.3915,-10.1355,0.0028,0.0000,0.5500,23.6806,0.4000,0.0061,4.0000,4.5000,0.0000
1.6200,1.0768,0.6554,-9.9356,0.0040,0.0000,0.5001,23.6752,0.4000,0.0069,4.0000,4.5000,0.0000
1.6300,-0.9660,-0.0816,-9.4207,0.0039,0.0000,0.4501,23.6697,0.4000,0.0077,4.0000,4.5000,0.0000
1.6400,0.3078,0.0594,-9.9789,0.0038,0.0000,0.4002,23.6643,0.4000,0.0086,4.0000,4.5000,0.0000
1.6500,-0.8417,-0.1328,-7.9335,0.0012,0.0000,0.3503,23.6589,0.4000,0.0075,4.0000,4.5000,0.0000
1.6600,-1.4641,-0.1120,-9.3184,-0.0014,0.0000,0.3096,23.6534,0.4000,0.0065,4.0000,4.5000,0.0000
1.6700,0.4473,-0.0525,-10.1527,-0.0012,0.0000,0.2689,23.6480,0.4000,0.0055,4.0000,4.5000,0.0000
1.6800,0.6006,0.5848,-9.8541,-0.0009,0.0000,0.2281,23.6426,0.4000,0.0045,4.0000,4.5000,0.0000
1.6900,0.8170,-0.0502,-10.7967,0.0016,0.0000,0.1874,23.6371,0.4000,0.0046,4.0000,4.5000,0.0000
1.7000,-0.3062,0.4576,-9.4611,0.0040,0.0000,0.1467,23.6317,0.4000,0.0046,4.0000,4.5000,0.0000
1.7100,0.7536,0.8453,-9.4464,0.0007,0.0000,0.0141,23.6341,0.4000,0.0047,4.0000,4.5000,0.0000
1.7200,1.3939,-0.7600,-9.8060,-0.0026,0.0000,-0.1184,23.6365,0.4000,0.0048,4.0000,4.5000,0.0000
1.7300,-1.1442,-0.4043,-8.8301,-0.0008,0.0000,-0.2510,23.6389,0.4000,0.0036,4.0000,4.5000,0.0000
1.7400,0.7632,-1.4916,-9.0832,0.0010,0.0000,-0.3835,23.6413,0.4000,0.0024,4.0000,4.5000,0.0000
1.7500,-0.6404,-0.0729,-11.2467,-0.0001,0.0000,-0.5161,23.6436,0.4000,0.0012,4.0000,4.5000,0.0000
1.7600,-0.1659,0.4924,-10.7865,-0.0012,0.0000,-0.4224,23.6460,0.4000,0.0000,4.0000,4.5000,0.0000
1.7700,-0.1374,0.1076,-9.7957,-0.0015,0.0000,-0.3287,23.6484,0.4000,0.0034,4.0000,4.5000,0.0000
1.7800,0.0407,-0.9493,-10.1357,-0.0017,0.0000,-0.2350,23.6508,0.4000,0.0067,4.0000,4.5000,0.0000
1.7900,0.7503,0.1658,-10.7449,-0.0008,0.0000,-0.1413,23.6532,0.4000,0.0101,4.0000,4.5000,0.0000
1.8000,0.1013,-0.3925,-10.2910,0.0002,0.0000,-0.0476,23.6556,0.4000,0.0134,4.0000,4.5000,0.0000
1.8100,-0.7406,1.0521,-9.6275,0.0016,0.0000,0.0498,23.6512,0.4000,0.0101,4.6000,4.3102,0.0000
1.8200,0.2358,0.2428,-9.2968,0.0029,0.0000,0.1471,23.6469,0.4000,0.0067,5.2000,4.1203,0.0000
1.8300,-0.5539,-0.2201,-11.4910,0.0015,0.0000,0.2445,23.6425,0.4000,0.0034,5.8000,3.9305,0.0000
1.8400,1.2282,1.0137,-11.1741,0.0002,0.0000,0.3419,23.6381,0.4000,0.0000,6.4000,3.7406,0.0000
1.8500,0.7260,-0.6794,-9.4107,-0.0001,0.0000,0.4393,23.6338,0.4000,0.0020,7.0000,3.5508,0.0000
1.8600,-0.6028,0.0645,-9.5621,-0.0003,0.0000,0.3464,23.6294,0.4000,0.0039,7.6000,3.3609,0.0000
1.8700,0.1596,-1.4459,-10.6893,-0.0012,0.0000,0.2535,23.6250,0.4000,0.0059,8.2000,3.1711,0.0000
1.8800,-0.7776,-0.0852,-8.8749,-0.0021,0.0000,0.1607,23.6207,0.4000,0.0078,8.8000,2.9813,0.0000
1.8900,0.3067,-0.2671,-11.0275,-0.0016,0.0000,0.0678,23.6163,0.4000,0.0076,9.4000,2.7914,0.0000
1.9000,-0.2699,-0.0128,-9.5868,-0.0011,0.0000,-0.0251,23.6119,0.4000,0.0073,10.0000,2.6016,0.0000
1.9100,0.8896,0.5249,-10.0213,-0.0006,0.0000,-0.0582,23.6110,0.4000,0.0070,10.6000,2.4117,0.0000
1.9200,-0.7889,-0.3350,-9.5213,-0.0000,0.0000,-0.0913,23.6101,0.4000,0.0067,11.2000,2.2219,0.0000
1.9300,0.2706,0.7940,-9.2768,-0.0002,0.0000,-0.1243,23.6091,0.4000,0.0053,11.8000,2.0320,0.0000
1.9400,-0.9392,-0.2041,-9.4953,-0.0003,0.0000,-0.1574,23.6082,0.4000,0.0038,12.4000,1.8422,0.0000
1.9500,1.0868,-0.7349,-9.8159,0.0021,0.0000,-0.1905,23.6072,0.4000,0.0023,13.0000,1.6524,0.0000
1.9600,-0.4655,-0.2989,-9.8613,0.0046,0.0000,-0.1074,23.6063,0.4000,0.0008,13.6000,1.4625,0.0000
1.9700,0.2877,-0.4669,-8.3085,0.0018,0.0000,-0.0242,23.6053,0.4000,0.0006,14.2000,1.2727,0.0000
1.9800,-0.6592,0.3236,-10.4066,-0.0010,0.0000,0.0589,23.6044,0.4000,0.0004,14.8000,1.0828,0.0000
1.9900,1.1789,0.5905,-9.6531,0.0009,0.0000,0.1421,23.6034,0.4000,0.0002,15.4000,0.8930,0.0000
2.0000,0.1652,-0.4110,-10.3136,0.0029,0.0000,0.2253,23.6025,0.4000,0.0000,16.0000,0.7031,0.0000
2.0100,-0.1739,-0.9401,-9.3707,0.0001,0.0000,0.1506,23.6028,0.4000,0.0009,16.0000,0.7036,0.0000
2.0200,-0.0789,-0.2291,-10.7062,-0.0027,0.0000,0.0760,23.6032,0.4000,0.0017,16.0000,0.7040,0.0000
2.0300,-0.2228,-0.2595,-9.9500,-0.0018,0.0000,0.0014,23.6035,0.4000,0.0026,16.0000,0.7045,0.0000
2.0400,-0.6681,0.6984,-10.0818,-0.0008,0.0000,-0.0732,23.6039,0.4000,0.0034,16.0000,0.7050,0.0000
2.0500,0.2094,0.1329,-9.0466,-0.0026,0.0000,-0.1478,23.6043,0.4000,0.0026,16.0000,0.7054,0.0000
2.0600,0.2441,0.8336,-8.9555,-0.0044,0.0000,-0.1354,23.6046,0.4000,0.0017,16.0000,0.7059,0.0000
2.0700,-0.4651,-0.9751,-10.7708,-0.0018,0.0000,-0.1230,23.6050,0.4000,0.0009,16.0000,0.7063,0.0000
2.0800,0.2771,-0.2568,-9.7731,0.0008,0.0000,-0.1107,23.6053,0.4000,0.0000,16.0000,0.7068,0.0000
2.0900,0.0935,0.3083,-10.0308,-0.0011,0.0000,-0.0983,23.6057,0.4000,0.0000,16.0000,0.7072,0.0000
2.1000,0.5318,0.3703,-9.7373,-0.0031,0.0000,-0.0859,23.6060,0.4000,0.0000,16.0000,0.7077,0.0000
2.1100,0.6314,-0.0046,-9.7716,-0.0002,0.0000,-0.1075,23.6064,0.4000,0.0000,16.0000,0.7081,0.0000
2.1200,0.9566,-0.1044,-11.4005,0.0028,0.0000,-0.1291,23.6068,0.4000,0.0000,16.0000,0.7086,0.0000
2.1300,-0.0792,-0.2282,-9.9509,0.0003,0.0000,-0.1507,23.6072,0.4000,0.0006,16.0000,0.7091,0.0000
2.1400,-0.9496,-0.6331,-9.5673,-0.0021,0.0000,-0.1723,23.6076,0.4000,0.0012,16.0000,0.7095,0.0000
2.1500,-0.0891,-0.5067,-10.2843,-0.0002,0.0000,-0.1939,23.6080,0.4000,0.0018,16.0000,0.7100,0.0000
2.1600,-0.7890,0.0968,-9.3836,0.0017,0.0000,-0.1846,23.6084,0.4000,0.0024,16.0000,0.7104,0.0000
2.1700,-0.2320,-0.1618,-9.4225,0.0020,0.0000,-0.1752,23.6088,0.4000,0.0018,16.0000,0.7109,0.0000
2.1800,0.1502,0.1657,-9.4441,0.0022,0.0000,-0.1659,23.6092,0.4000,0.0012,16.0000,0.7113,0.0000
2.1900,-0.4211,0.2661,-9.8032,0.0001,0.0000,-0.1566,23.6096,0.4000,0.0006,16.0000,0.7118,0.0000
2.2000,-0.8498,0.1773,-10.6034,-0.0019,0.0000,-0.1473,23.6100,0.4000,0.0000,16.0000,0.7122,0.0000
2.2100,0.1865,-0.0773,-9.3717,-0.0025,0.0000,-0.1096,23.6054,0.4000,0.0000,16.0000,0.7132,0.0000
2.2200,0.0619,1.5959,-10.1022,-0.0031,0.0000,-0.0718,23.6008,0.4000,0.0000,16.0000,0.7141,0.0000
2.2300,-0.1996,1.2253,-10.2669,-0.0024,0.0000,-0.0341,23.5962,0.4000,0.0000,16.0000,0.7150,0.0000
2.2400,-0.7640,0.1710,-10.3833,-0.0016,0.0000,0.0036,23.5915,0.4000,0.0000,16.0000,0.7159,0.0000
2.2500,-0.1720,-0.0564,-8.6068,-0.0013,0.0000,0.0414,23.5869,0.4000,0.0000,16.0000,0.7168,0.0000
2.2600,0.5931,-0.3829,-9.5844,-0.0010,0.0000,0.0156,23.5823,0.4000,0.0000,16.0000,0.7178,0.0000
2.2700,1.0009,1.2147,-9.4542,-0.0005,0.0000,-0.0101,23.5777,0.4000,0.0000,16.0000,0.7187,0.0000
2.2800,0.8188,-0.1661,-10.8592,0.0001,0.0000,-0.0358,23.5730,0.4000,0.0000,16.0000,0.7196,0.0000
2.2900,-0.1174,0.3118,-9.7798,0.0016,0.0000,-0.0616,23.5684,0.4000,0.0000,16.0000,0.7205,0.0000
2.3000,-0.1333,-0.1166,-8.6882,0.0031,0.0000,-0.0873,23.5638,0.4000,0.0000,16.0000,0.7214,0.0000
2.3100,-0.3180,-0.6090,-10.1203,0.0020,0.0000,-0.0307,23.5643,0.4000,0.0000,16.0000,0.7224,0.0000
2.3200,-0.4251,0.8414,-8.8444,0.0008,0.0000,0.0259,23.5648,0.4000,0.0000,16.0000,0.7233,0.0000
2.3300,1.0415,-0.1655,-10.6471,-0.0006,0.0000,0.0825,23.5653,0.4000,0.0000,16.0000,0.7242,0.0000
2.3400,-0.8549,-0.1465,-10.2284,-0.0020,0.0000,0.1391,23.5657,0.4000,0.0000,16.0000,0.7251,0.0000
2.3500,0.9515,0.5295,-9.1880,-0.0030,0.0000,0.1957,23.5662,0.4000,0.0000,16.0000,0.7260,0.0000
2.3600,0.2285,0.9283,-9.4595,-0.0040,0.0000,0.2224,23.5667,0.4000,0.0000,16.0000,0.7270,0.0000
2.3700,0.5083,1.5855,-8.6933,-0.0022,0.0000,0.2491,23.5672,0.4000,0.0000,16.0000,0.7279,0.0000
2.3800,0.4459,0.9902,-9.4703,-0.0005,0.0000,0.2758,23.5677,0.4000,0.0000,16.0000,0.7288,0.0000
2.3900,0.6123,0.3926,-11.1880,-0.0018,0.0000,0.3025,23.5682,0.4000,0.0000,16.0000,0.7297,0.0000
2.4000,0.0492,0.0118,-9.5512,-0.0031,0.0000,0.3292,23.5687,0.4000,0.0000,16.0000,0.7306,0.0000
2.4100,-0.0248,-0.4491,-10.3254,-0.0017,0.0000,0.3069,23.5669,0.4000,0.0012,16.0000,0.7296,0.0000
2.4200,-0.9888,-0.1211,-10.5810,-0.0002,0.0000,0.2845,23.5652,0.4000,0.0024,16.0000,0.7285,0.0000
2.4300,0.0737,-0.0504,-10.1751,-0.0010,0.0000,0.2622,23.5634,0.4000,0.0035,16.0000,0.7274,0.0000
2.4400,-0.4645,-0.4057,-10.0946,-0.0017,0.0000,0.2398,23.5616,0.4000,0.0047,16.0000,0.7264,0.0000
2.4500,0.5516,-0.2259,-9.5601,-0.0021,0.0000,0.2174,23.5598,0.4000,0.0064,16.0000,0.7253,0.0000
2.4600,-0.3357,-0.0693,-9.5667,-0.0024,0.0000,0.1518,23.5581,0.4000,0.0082,16.0000,0.7242,0.0000
2.4700,0.2075,1.2068,-10.9358,-0.0007,0.0000,0.0862,23.5563,0.4000,0.0099,16.0000,0.7232,0.0000
2.4800,-0.7142,0.3814,-9.1858,0.0010,0.0000,0.0206,23.5545,0.4000,0.0116,16.0000,0.7221,0.0000
2.4900,0.4588,0.9047,-9.8353,0.0012,0.0000,-0.0451,23.5528,0.4000,0.0087,16.0000,0.7210,0.0000
2.5000,-0.1671,1.0047,-10.6011,0.0014,0.0000,-0.1107,23.5510,0.4000,0.0058,16.0000,0.7200,0.0000
2.5100,-0.0382,-0.9159,-9.5052,-0.0002,0.0000,-0.0822,23.5495,0.4000,0.0029,16.0000,0.7189,0.0000
2.5200,1.0934,0.1415,-10.5925,-0.0019,0.0000,-0.0537,23.5481,0.4000,0.0000,16.0000,0.7178,0.0000
2.5300,0.4424,0.9971,-11.2393,-0.0025,0.0000,-0.0252,23.5466,0.4000,0.0000,16.0000,0.7168,0.0000
2.5400,-0.6361,-0.1239,-10.4692,-0.0030,0.0000,0.0033,23.5452,0.4000,0.0000,16.0000,0.7157,0.0000
2.5500,0.3025,-0.5865,-10.0498,-0.0003,0.0000,0.0318,23.5437,0.4000,0.0000,16.0000,0.7146,0.0000
2.5600,0.1770,-1.2051,-9.5612,0.0025,0.0000,0.0965,23.5422,0.4000,0.0000,16.0000,0.7136,0.0000
2.5700,-0.3750,-0.9869,-9.0724,0.0013,0.0000,0.1611,23.5408,0.4000,0.0005,16.0000,0.7125,0.0000
2.5800,-0.6344,1.1333,-9.1804,0.0000,0.0000,0.2257,23.5393,0.4000,0.0010,16.0000,0.7114,0.0000
2.5900,-0.9179,-0.2743,-8.4987,0.0013,0.0000,0.2904,23.5379,0.4000,0.0015,16.0000,0.7104,0.0000
2.6000,-0.0834,0.9928,-9.4564,0.0025,0.0000,0.3550,23.5364,0.4000,0.0020,16.0000,0.7093,0.0000
2.6100,0.6135,0.6937,-8.7189,0.0003,0.0000,0.2957,23.5356,0.4000,0.0015,16.0000,0.7096,0.0000
2.6200,0.5198,-0.5569,-9.7873,-0.0019,0.0000,0.2364,23.5348,0.4000,0.0010,16.0000,0.7098,0.0000
2.6300,-0.2047,0.6823,-8.6257,-0.0014,0.0000,0.1771,23.5339,0.4000,0.0005,16.0000,0.7101,0.0000
2.6400,0.8335,0.1651,-11.2529,-0.0010,0.0000,0.1178,23.5331,0.4000,0.0000,16.0000,0.7103,0.0000
2.6500,0.8084,-0.1537,-8.9348,0.0003,0.0000,0.0584,23.5323,0.4000,0.0006,16.0000,0.7106,0.0000
2.6600,0.4898,-0.2531,-9.5415,0.0015,0.0000,0.0531,23.5314,0.4000,0.0013,16.0000,0.7109,0.0000
2.6700,0.1435,0.2153,-10.4554,0.0034,0.0000,0.0478,23.5306,0.4000,0.0019,16.0000,0.7111,0.0000
2.6800,-0.4139,-0.4238,-10.6587,0.0054,0.0000,0.0425,23.5298,0.4000,0.0025,16.0000,0.7114,0.0000
2.6900,-0.3772,-0.1203,-9.8186,0.0031,0.0000,0.0372,23.5289,0.4000,0.0023,16.0000,0.7116,0.0000
2.7000,-0.8077,-0.1996,-9.3178,0.0009,0.0000,0.0319,23.5281,0.4000,0.0021,16.0000,0.7119,0.0000
2.7100,-0.4235,0.5518,-8.9819,0.0011,0.0000,-0.0149,23.5279,0.4000,0.0019,16.0000,0.7122,0.0000
2.7200,0.2909,0.2629,-10.0073,0.0014,0.0000,-0.0617,23.5277,0.4000,0.0017,16.0000,0.7124,0.0000
2.7300,0.7487,1.0746,-9.2272,-0.0008,0.0000,-0.1085,23.5276,0.4000,0.0013,16.0000,0.7127,0.0000
2.7400,0.1004,0.2105,-9.6647,-0.0030,0.0000,-0.1553,23.5274,0.4000,0.0008,16.0000,0.7130,0.0000
2.7500,-0.2198,-0.0016,-9.0113,-0.0012,0.0000,-0.2021,23.5272,0.4000,0.0004,16.0000,0.7132,0.0000
2.7600,0.5257,0.9531,-10.6791,0.0005,0.0000,-0.1340,23.5270,0.4000,0.0000,16.0000,0.7135,0.0000
2.7700,0.2067,-0.1404,-10.8732,0.0001,0.0000,-0.0658,23.5268,0.4000,0.0004,16.0000,0.7137,0.0000
2.7800,0.8302,0.9003,-9.4039,-0.0003,0.0000,0.0023,23.5267,0.4000,0.0008,16.0000,0.7140,0.0000
2.7900,0.0271,-0.2655,-10.0121,-0.0016,0.0000,0.0705,23.5265,0.4000,0.0012,16.0000,0.7143,0.0000
2.8000,0.9380,0.3372,-9.9113,-0.0028,0.0000,0.1386,23.5263,0.4000,0.0017,16.0000,0.7145,0.0000
2.8100,-0.6793,-0.3525,-10.0840,-0.0002,0.0000,0.0692,23.5229,0.4000,0.0013,16.0000,0.7130,0.0000
2.8200,-0.1460,-0.6118,-8.1712,0.0024,0.0000,-0.0002,23.5195,0.4000,0.0009,16.0000,0.7114,0.0000
2.8300,0.9240,0.4216,-9.1892,0.0015,0.0000,-0.0696,23.5161,0.4000,0.0006,16.0000,0.7098,0.0000
2.8400,-0.8281,-1.1628,-9.6307,0.0007,0.0000,-0.1390,23.5127,0.4000,0.0002,16.0000,0.7082,0.0000
2.8500,-0.5590,0.4201,-8.0457,0.0012,0.0000,-0.2084,23.5093,0.4000,0.0002,16.0000,0.7067,0.0000
2.8600,-0.6873,1.1587,-9.0378,0.0018,0.0000,-0.1374,23.5059,0.4000,0.0001,16.0000,0.7051,0.0000
2.8700,-0.0883,0.4961,-9.2189,-0.0004,0.0000,-0.0663,23.5025,0.4000,0.0001,16.0000,0.7035,0.0000
2.8800,-0.7064,-0.6814,-8.9619,-0.0026,0.0000,0.0048,23.4991,0.4000,0.0000,16.0000,0.7020,0.0000
2.8900,0.4882,0.5406,-9.6695,-0.0008,0.0000,0.0759,23.4956,0.4000,0.0000,16.0000,0.7004,0.0000
2.9000,0.5343,-0.2681,-10.3165,0.0011,0.0000,0.1469,23.4922,0.4000,0.0000,16.0000,0.6988,0.0000
2.9100,-1.0570,0.3381,-9.7495,-0.0002,0.0000,0.2201,23.3402,3.8081,0.0000,16.0000,0.6972,0.1000
2.9200,0.1065,-0.1867,-9.5234,-0.0015,0.0000,0.2933,23.1881,7.2162,0.0000,16.0000,0.6957,0.2000
2.9300,1.3393,0.1104,-9.7529,0.0010,0.0000,0.3664,23.0361,10.6243,0.0000,16.0000,0.6941,0.3000
2.9400,0.3618,-1.8086,-10.1293,0.0034,0.0000,0.4396,22.8840,14.0324,0.0000,16.0000,0.6925,0.4000
2.9500,0.8061,-1.0465,-9.2983,0.0004,0.0000,0.5128,22.7320,17.4405,0.0000,16.0000,0.6910,0.5000
2.9600,0.6049,0.1104,-9.9216,-0.0026,0.0000,0.3604,22.5799,20.8486,0.0000,16.0000,0.6894,0.6000
2.9700,-0.8945,0.4888,-10.1028,-0.0017,0.0000,0.2081,22.4278,24.2567,0.1187,16.0000,0.6878,0.7000
2.9800,0.1962,0.2831,-10.2792,-0.0008,0.0000,0.0558,22.2758,27.6648,0.2374,16.0000,0.6862,0.8000
2.9900,-0.4187,0.6062,-8.7059,-0.0006,0.0000,-0.0966,22.1237,31.0729,0.3560,16.0000,0.6847,0.9000
3.0000,0.0053,0.4513,-9.2099,-0.0003,0.0000,-0.2489,21.9717,34.4811,0.4747,16.0000,0.6831,1.0000
3.0100,-0.3525,0.3408,-9.2016,-0.0017,0.0000,-0.2763,21.9753,34.4088,0.4734,16.0000,0.6858,1.0000
3.0200,0.7130,-0.2024,-10.0781,-0.0030,0.0000,-0.3036,21.9790,34.3366,0.4722,16.0000,0.6885,1.0000
3.0300,-0.2380,0.5553,-9.8049,-0.0016,0.0000,-0.3310,21.9826,34.2643,0.4709,16.0000,0.6912,1.0000
3.0400,0.4453,0.0138,-8.1810,-0.0003,0.0000,-0.3584,21.9863,34.1921,0.4696,16.0000,0.6939,1.0000
3.0500,0.4211,-0.5490,-9.8073,0.0004,0.0000,-0.3858,21.9900,34.1198,0.4736,16.0000,0.6966,1.0000
3.0600,0.6050,0.9111,-10.1512,0.0010,0.0000,-0.2780,21.9936,34.0476,0.4777,16.0000,0.6993,1.0000
3.0700,-0.0367,-0.7814,-10.0196,0.0014,0.0000,-0.1703,21.9973,33.9753,0.4817,16.0000,0.7021,1.0000
3.0800,-0.3123,0.6827,-10.0972,0.0019,0.0000,-0.0626,22.0010,33.9031,0.4857,16.0000,0.7048,1.0000
3.0900,0.0358,-0.9152,-10.4947,0.0000,0.0000,0.0451,22.0046,33.8309,0.4843,16.0000,0.7075,1.0000
3.1000,-0.1975,0.1096,-9.8854,-0.0018,0.0000,0.1528,22.0083,33.7586,0.4828,16.0000,0.7102,1.0000
3.1100,-0.0047,-0.4329,-9.3066,-0.0008,0.0000,0.1769,21.9951,33.9659,0.4814,16.0000,0.7129,1.0000
3.1200,-0.0015,0.3272,-9.4671,0.0002,0.0000,0.2011,21.9818,34.1733,0.4800,16.0000,0.7156,1.0000
3.1300,-0.2593,0.7902,-9.8379,-0.0001,0.0000,0.2252,21.9686,34.3806,0.4810,16.0000,0.7183,1.0000
3.1400,-0.8270,-0.2443,-10.3287,-0.0005,0.0000,0.2493,21.9554,34.5879,0.4820,16.0000,0.7210,1.0000
3.1500,-0.0598,1.1853,-8.9910,0.0010,0.0000,0.2735,21.9422,34.7952,0.4830,16.0000,0.7237,1.0000
3.1600,0.2361,0.2375,-10.8373,0.0025,0.0000,0.1817,21.9290,35.0026,0.4840,16.0000,0.7264,1.0000
3.1700,1.2920,0.5828,-11.3400,0.0019,0.0000,0.0900,21.9158,35.2099,0.4847,16.0000,0.7291,1.0000
3.1800,-0.1568,-0.0942,-9.9361,0.0012,0.0000,-0.0018,21.9026,35.4172,0.4854,16.0000,0.7319,1.0000
3.1900,0.9850,-0.2407,-10.8199,-0.0007,0.0000,-0.0936,21.8893,35.6245,0.4861,16.0000,0.7346,1.0000
3.2000,-0.5581,0.5832,-10.2915,-0.0025,0.0000,-0.1853,21.8761,35.8319,0.4868,16.0000,0.7373,1.0000
3.2100,-0.4135,1.6055,-9.4782,-0.0029,0.0000,-0.1740,21.8718,35.9022,0.4836,16.0000,0.7350,1.0000
3.2200,-0.3674,-1.0913,-8.8029,-0.0033,0.0000,-0.1627,21.8674,35.9725,0.4804,16.0000,0.7327,1.0000
3.2300,-0.4766,0.2813,-10.8629,-0.0010,0.0000,-0.1514,21.8630,36.0428,0.4771,16.0000,0.7304,1.0000
3.2400,-0.6437,-0.5248,-9.2179,0.0013,0.0000,-0.1401,21.8587,36.1132,0.4739,16.0000,0.7282,1.0000
3.2500,0.2252,-0.4763,-10.7278,0.0017,0.0000,-0.1288,21.8543,36.1835,0.4780,16.0000,0.7259,1.0000
3.2600,-0.1655,0.4727,-9.2610,0.0021,0.0000,-0.0427,21.8499,36.2538,0.4820,16.0000,0.7236,1.0000
3.2700,0.8775,0.9658,-9.3880,0.0015,0.0000,0.0434,21.8456,36.3242,0.4861,16.0000,0.7213,1.0000
3.2800,1.4023,0.5912,-9.9898,0.0009,0.0000,0.1296,21.8412,36.3945,0.4902,16.0000,0.7190,1.0000
3.2900,-0.1875,0.0206,-9.6418,0.0006,0.0000,0.2157,21.8369,36.4648,0.4877,16.0000,0.7168,1.0000
3.3000,0.2100,-0.0809,-9.9091,0.0004,0.0000,0.3018,21.8325,36.5352,0.4852,16.0000,0.7145,1.0000
3.3100,-0.5267,-0.1667,-10.5525,0.0023,0.0000,0.1643,21.8461,36.1963,0.4826,16.0000,0.7122,1.0000
3.3200,0.9298,0.6739,-10.0113,0.0042,0.0000,0.0267,21.8597,35.8574,0.4801,16.0000,0.7099,1.0000
3.3300,0.2526,0.1978,-9.4395,0.0033,0.0000,-0.1108,21.8733,35.5186,0.4802,16.0000,0.7076,1.0000
3.3400,0.2644,-0.3978,-11.1532,0.0024,0.0000,-0.2484,21.8869,35.1797,0.4804,16.0000,0.7054,1.0000
3.3500,-0.3090,-0.2229,-10.2070,0.0001,0.0000,-0.3859,21.9005,34.8408,0.4805,16.0000,0.7031,1.0000
3.3600,-0.8425,0.5188,-9.5726,-0.0022,0.0000,-0.3869,21.9142,34.5020,0.4806,16.0000,0.7008,1.0000
3.3700,0.2669,-0.1162,-9.5233,-0.0027,0.0000,-0.3879,21.9278,34.1631,0.4774,16.0000,0.6985,1.0000
3.3800,-0.5517,0.1415,-9.6756,-0.0032,0.0000,-0.3889,21.9414,33.8243,0.4742,16.0000,0.6962,1.0000
3.3900,0.2871,0.7076,-9.1436,-0.0033,0.0000,-0.3899,21.9550,33.4854,0.4710,16.0000,0.6940,1.0000
3.4000,-0.4319,-0.5969,-9.3610,-0.0035,0.0000,-0.3909,21.9686,33.1465,0.4678,16.0000,0.6917,1.0000
3.4100,-0.2675,0.1373,-9.3960,-0.0015,0.0000,-0.2901,21.9618,33.2166,0.4704,16.0000,0.6922,1.0000
3.4200,-0.7705,0.5335,-9.0394,0.0004,0.0000,-0.1893,21.9550,33.2867,0.4729,16.0000,0.6927,1.0000
3.4300,0.3042,0.5658,-10.5446,-0.0004,0.0000,-0.0885,21.9483,33.3568,0.4755,16.0000,0.6932,1.0000
3.4400,1.0778,-0.4852,-10.0333,-0.0012,0.0000,0.0123,21.9415,33.4269,0.4780,16.0000,0.6938,1.0000
3.4500,0.0316,-0.8861,-10.6651,-0.0016,0.0000,0.1131,21.9347,33.4970,0.4768,16.0000,0.6943,1.0000
3.4600,1.0282,-0.4223,-9.8121,-0.0020,0.0000,0.0958,21.9279,33.5671,0.4756,16.0000,0.6948,1.0000
3.4700,-1.4301,-1.0711,-9.6893,-0.0013,0.0000,0.0785,21.9211,33.6372,0.4744,16.0000,0.6953,1.0000
3.4800,-0.1964,-0.2411,-10.1924,-0.0005,0.0000,0.0612,21.9144,33.7073,0.4732,16.0000,0.6958,1.0000
3.4900,-0.0334,-0.3601,-9.6396,-0.0021,0.0000,0.0439,21.9076,33.7774,0.4747,16.0000,0.6964,1.0000
3.5000,-0.2188,-0.3895,-10.3400,-0.0036,0.0000,0.0266,21.9008,33.8475,0.4763,16.0000,0.6969,1.0000
3.5100,0.5558,-1.4820,-10.3330,-0.0035,0.0000,0.0183,21.9110,33.6392,0.4779,16.0000,0.6974,1.0000
3.5200,-0.7423,0.4835,-9.5587,-0.0033,0.0000,0.0099,21.9212,33.4310,0.4795,16.0000,0.6979,1.0000
3.5300,-0.2738,1.2917,-9.7128,-0.0006,0.0000,0.0016,21.9315,33.2227,0.4812,16.0000,0.6984,1.0000
3.5400,0.7150,0.0268,-9.7042,0.0022,0.0000,-0.0067,21.9417,33.0144,0.4829,16.0000,0.6990,1.0000
3.5500,0.1102,-0.4099,-9.5383,0.0021,0.0000,-0.0150,21.9519,32.8062,0.4845,16.0000,0.6995,1.0000
3.5600,0.1854,0.1400,-9.4140,0.0020,0.0000,0.0475,21.9621,32.5979,0.4862,16.0000,0.7000,1.0000
3.5700,-0.0566,-0.8752,-10.1680,0.0017,0.0000,0.1101,21.9723,32.3897,0.4822,16.0000,0.7005,1.0000
3.5800,0.5422,1.3193,-10.7972,0.0013,0.0000,0.1727,21.9826,32.1814,0.4781,16.0000,0.7010,1.0000
3.5900,0.1789,0.3244,-9.3783,-0.0015,0.0000,0.2352,21.9928,31.9731,0.4741,16.0000,0.7016,1.0000
3.6000,-0.6381,0.7477,-10.1962,-0.0044,0.0000,0.2978,22.0030,31.7649,0.4700,16.0000,0.7021,1.0000
3.6100,0.2845,0.3317,-8.6090,-0.0010,0.0000,0.1915,21.9888,32.0801,0.4719,16.0000,0.7030,1.0000
3.6200,-0.2756,-0.7720,-9.8628,0.0023,0.0000,0.0851,21.9746,32.3953,0.4737,16.0000,0.7038,1.0000
3.6300,-1.4133,0.2563,-9.0755,-0.0014,0.0000,-0.0212,21.9603,32.7106,0.4755,16.0000,0.7047,1.0000
3.6400,-0.7727,1.0277,-10.9017,-0.0052,0.0000,-0.1275,21.9461,33.0258,0.4773,16.0000,0.7056,1.0000
3.6500,-0.1686,0.1489,-10.9801,-0.0045,0.0000,-0.2339,21.9319,33.3410,0.4772,16.0000,0.7065,1.0000
3.6600,1.2868,0.0245,-10.2670,-0.0038,0.0000,-0.1962,21.9177,33.6562,0.4771,16.0000,0.7074,1.0000
3.6700,-0.1171,-0.6140,-9.9063,-0.0026,0.0000,-0.1585,21.9034,33.9715,0.4769,16.0000,0.7083,1.0000
3.6800,-0.1942,-0.7187,-8.3890,-0.0014,0.0000,-0.1208,21.8892,34.2867,0.4768,16.0000,0.7091,1.0000
3.6900,0.3015,-0.3787,-10.5303,-0.0023,0.0000,-0.0831,21.8750,34.6019,0.4769,16.0000,0.7100,1.0000
3.7000,0.0052,0.3214,-9.8778,-0.0032,0.0000,-0.0454,21.8608,34.9172,0.4770,16.0000,0.7109,1.0000
3.7100,0.1223,-0.1548,-11.1036,-0.0024,0.0000,0.0263,21.8655,34.8098,0.4772,16.0000,0.7118,1.0000
3.7200,0.5867,0.0691,-9.5246,-0.0017,0.0000,0.0980,21.8701,34.7024,0.4773,16.0000,0.7127,1.0000
3.7300,-0.0718,1.3751,-9.7230,-0.0020,0.0000,0.1697,21.8748,34.5950,0.4788,16.0000,0.7135,1.0000
3.7400,-0.6024,-0.7680,-10.3923,-0.0024,0.0000,0.2414,21.8795,34.4876,0.4802,16.0000,0.7144,1.0000
3.7500,-0.3257,0.7496,-9.0864,-0.0033,0.0000,0.3131,21.8842,34.3802,0.4817,16.0000,0.7153,1.0000
3.7600,-0.6165,0.0609,-9.1823,-0.0041,0.0000,0.2883,21.8889,34.2728,0.4831,16.0000,0.7162,1.0000
3.7700,0.0943,-0.3935,-10.7651,-0.0011,0.0000,0.2635,21.8936,34.1654,0.4813,16.0000,0.7171,1.0000
3.7800,-0.3227,0.3797,-10.5909,0.0019,0.0000,0.2387,21.8983,34.0580,0.4795,16.0000,0.7179,1.0000
3.7900,0.7184,-0.0993,-10.0264,-0.0004,0.0000,0.2139,21.9030,33.9506,0.4776,16.0000,0.7188,1.0000
3.8000,-0.1696,-0.1995,-8.6739,-0.0027,0.0000,0.1891,21.9077,33.8432,0.4758,16.0000,0.7197,1.0000
3.8100,-0.5972,0.7334,-9.3960,-0.0000,0.0000,0.1719,21.9030,33.8910,0.4760,16.0000,0.7193,1.0000
3.8200,0.2426,-0.1056,-8.6707,0.0027,0.0000,0.1547,21.8982,33.9389,0.4763,16.0000,0.7188,1.0000
3.8300,0.8084,0.2172,-9.4998,0.0017,0.0000,0.1374,21.8935,33.9868,0.4765,16.0000,0.7184,1.0000
3.8400,-0.3763,-1.1958,-10.8313,0.0008,0.0000,0.1202,21.8887,34.0346,0.4767,16.0000,0.7180,1.0000
3.8500,0.8796,-0.1753,-10.3998,0.0015,0.0000,0.1030,21.8840,34.0825,0.4773,16.0000,0.7176,1.0000
3.8600,-0.1456,-0.9001,-10.2459,0.0022,0.0000,0.0992,21.8792,34.1304,0.4779,16.0000,0.7171,1.0000
3.8700,0.8655,0.1274,-10.7028,0.0001,0.0000,0.0953,21.8745,34.1782,0.4785,16.0000,0.7167,1.0000
3.8800,-0.2676,0.8084,-9.6667,-0.0021,0.0000,0.0915,21.8698,34.2261,0.4791,16.0000,0.7163,1.0000
3.8900,0.1546,0.5075,-10.5304,-0.0014,0.0000,0.0876,21.8650,34.2740,0.4786,16.0000,0.7159,1.0000
3.9000,-0.5063,-0.8799,-8.6116,-0.0008,0.0000,0.0838,21.8603,34.3219,0.4781,16.0000,0.7154,1.0000
3.9100,-0.1479,-0.6119,-10.3533,0.0013,0.0000,0.0900,21.8526,34.4663,0.4776,16.0000,0.7150,1.0000
3.9200,0.1506,0.6872,-9.7934,0.0033,0.0000,0.0962,21.8450,34.6107,0.4770,16.0000,0.7146,1.0000
3.9300,0.2702,0.2807,-8.9802,-0.0005,0.0000,0.1024,21.8374,34.7551,0.4771,16.0000,0.7142,1.0000
3.9400,-0.2375,0.2780,-10.6614,-0.0043,0.0000,0.1086,21.8298,34.8995,0.4771,16.0000,0.7137,1.0000
3.9500,-0.7541,-0.3976,-9.6995,-0.0041,0.0000,0.1148,21.8222,35.0438,0.4771,16.0000,0.7133,1.0000
3.9600,0.3146,0.4007,-10.9564,-0.0040,0.0000,0.1442,21.8146,35.1882,0.4772,16.0000,0.7129,1.0000
3.9700,0.2020,-0.3976,-10.3391,-0.0003,0.0000,0.1735,21.8070,35.3326,0.4811,16.0000,0.7125,1.0000
3.9800,0.4823,0.0373,-9.6859,0.0034,0.0000,0.2028,21.7993,35.4770,0.4851,16.0000,0.7120,1.0000
3.9900,-0.2388,0.1764,-10.6731,0.0034,0.0000,0.2322,21.7917,35.6214,0.4890,16.0000,0.7116,1.0000
4.0000,0.6129,0.8031,-11.2253,0.0035,0.0000,0.2615,21.7841,35.7658,0.4930,16.0000,0.7112,1.0000
4.0100,-1.0398,0.1576,-12.6106,0.0004,0.0000,0.2288,21.7699,36.0784,0.4928,16.0000,0.7118,1.0000
4.0200,0.0577,-0.7041,-12.2661,-0.0027,0.0000,0.1960,21.7557,36.3910,0.4925,16.0000,0.7124,1.0000
4.0300,0.4037,-0.1149,-13.3239,0.0005,0.0000,0.1633,21.7415,36.7036,0.4923,16.0000,0.7129,1.0000
4.0400,-0.6916,-0.3055,-13.7193,0.0038,0.0000,0.1306,21.7272,37.0162,0.4921,16.0000,0.7135,1.0000
4.0500,-1.3105,0.4221,-12.7310,0.0010,0.0000,0.0979,21.7130,37.3288,0.4955,16.0000,0.7141,1.0000
4.0600,-0.3239,-0.1032,-13.5372,-0.0018,0.0000,0.0791,21.6988,37.6414,0.4988,16.0000,0.7147,1.0000
4.0700,-1.9844,-0.1211,-13.6166,-0.0017,0.0000,0.0602,21.6846,37.9540,0.5021,16.0000,0.7153,1.0000
4.0800,-0.8387,-0.4710,-12.5467,-0.0016,0.0000,0.0414,21.6704,38.2666,0.5055,16.0000,0.7159,1.0000
4.0900,0.1106,0.1231,-12.3261,-0.0004,0.0000,0.0226,21.6562,38.5792,0.5093,16.0000,0.7164,1.0000
4.1000,0.2939,-0.0667,-11.4809,0.0009,0.0000,0.0037,21.6419,38.8918,0.5132,16.0000,0.7170,1.0000
4.1100,1.3074,-0.2685,-13.0584,-0.0012,0.0000,-0.0319,21.6307,39.0932,0.5170,16.0000,0.7176,1.0000
4.1200,1.7090,-0.2183,-13.4360,-0.0032,0.0000,-0.0675,21.6194,39.2947,0.5208,16.0000,0.7182,1.0000
4.1300,0.2540,0.1862,-12.8553,-0.0017,0.0000,-0.1032,21.6081,39.4961,0.5224,16.0000,0.7188,1.0000
4.1400,0.1392,0.4611,-12.9229,-0.0001,0.0000,-0.1388,21.5969,39.6976,0.5240,16.0000,0.7194,1.0000
4.1500,-0.1037,-0.3285,-13.7184,-0.0003,0.0000,-0.1744,21.5856,39.8990,0.5256,16.0000,0.7199,1.0000
4.1600,-0.6886,0.0441,-12.4168,-0.0004,0.0000,-0.2141,21.5743,40.1005,0.5272,16.0000,0.7205,1.0000
4.1700,-0.1954,0.7899,-12.9025,0.0001,0.0000,-0.2537,21.5630,40.3019,0.5311,16.0000,0.7211,1.0000
4.1800,-1.0809,0.0822,-13.1733,0.0007,0.0000,-0.2933,21.5518,40.5034,0.5349,16.0000,0.7217,1.0000
4.1900,-0.6945,-0.0545,-12.0564,-0.0016,0.0000,-0.3330,21.5405,40.7049,0.5387,16.0000,0.7223,1.0000
4.2000,-0.9178,0.9784,-12.0570,-0.0040,0.0000,-0.3726,21.5292,40.9063,0.5425,16.0000,0.7229,1.0000
4.2100,-0.6800,-0.1113,-11.6731,-0.0035,0.0000,-0.2488,21.5216,41.1100,0.5466,16.0000,0.7217,1.0000
4.2200,0.8889,1.1067,-13.0872,-0.0030,0.0000,-0.1251,21.5140,41.3137,0.5507,16.0000,0.7205,1.0000
4.2300,-1.0961,-0.3253,-13.7941,-0.0012,0.0000,-0.0013,21.5064,41.5173,0.5548,16.0000,0.7194,1.0000
4.2400,-0.4024,-0.3128,-12.0840,0.0005,0.0000,0.1225,21.4988,41.7210,0.5588,16.0000,0.7182,1.0000
4.2500,0.6719,1.3236,-12.0324,-0.0008,0.0000,0.2462,21.4911,41.9247,0.5593,16.0000,0.7171,1.0000
4.2600,-0.2015,0.0108,-12.9219,-0.0022,0.0000,0.1621,21.4835,42.1284,0.5598,16.0000,0.7159,1.0000
4.2700,1.6646,0.6884,-12.2085,-0.0007,0.0000,0.0779,21.4759,42.3320,0.5603,16.0000,0.7147,1.0000
4.2800,-0.2622,-1.1360,-13.0556,0.0008,0.0000,-0.0062,21.4683,42.5357,0.5608,16.0000,0.7136,1.0000
4.2900,-0.7116,0.0881,-11.7230,0.0016,0.0000,-0.0904,21.4607,42.7394,0.5653,16.0000,0.7124,1.0000
4.3000,1.2252,0.0029,-12.5955,0.0025,0.0000,-0.1745,21.4531,42.9431,0.5697,16.0000,0.7113,1.0000
4.3100,-1.2829,-1.2203,-12.7151,0.0013,0.0000,-0.0130,21.4402,43.1752,0.5742,16.0000,0.7101,1.0000
4.3200,0.7904,1.6825,-12.9602,0.0001,0.0000,0.1484,21.4272,43.4073,0.5787,16.0000,0.7089,1.0000
4.3300,0.5179,0.7268,-13.4680,-0.0006,0.0000,0.3099,21.4143,43.6394,0.5803,16.0000,0.7078,1.0000
4.3400,-0.8467,-0.4184,-13.4272,-0.0013,0.0000,0.4714,21.4014,43.8716,0.5820,16.0000,0.7066,1.0000
4.3500,1.7207,0.8677,-11.3105,-0.0023,0.0000,0.6328,21.3885,44.1037,0.5836,16.0000,0.7054,1.0000
4.3600,0.2662,-1.1997,-13.5587,-0.0034,0.0000,0.5504,21.3756,44.3358,0.5853,16.0000,0.7043,1.0000
4.3700,-0.2307,0.5703,-12.2874,-0.0030,0.0000,0.4680,21.3626,44.5679,0.5874,16.0000,0.7031,1.0000
4.3800,2.0628,1.5225,-12.6558,-0.0026,0.0000,0.3856,21.3497,44.8000,0.5895,16.0000,0.7020,1.0000
4.3900,-1.8461,-0.6952,-12.5430,-0.0014,0.0000,0.3032,21.3368,45.0322,0.5916,16.0000,0.7008,1.0000
4.4000,0.3217,0.7071,-12.5794,-0.0002,0.0000,0.2208,21.3239,45.2643,0.5938,16.0000,0.6996,1.0000
4.4100,1.1105,-0.9953,-14.5469,-0.0009,0.0000,0.1574,21.3120,45.4790,0.5966,16.0000,0.7009,1.0000
4.4200,-2.0656,-1.3025,-12.3526,-0.0017,0.0000,0.0941,21.3002,45.6937,0.5994,16.0000,0.7021,1.0000
4.4300,1.7644,1.5770,-12.4243,-0.0009,0.0000,0.0307,21.2884,45.9084,0.6023,16.0000,0.7034,1.0000
4.4400,-1.0567,-1.9558,-13.6661,-0.0001,0.0000,-0.0326,21.2765,46.1231,0.6051,16.0000,0.7046,1.0000
4.4500,-0.7228,0.5631,-11.3775,-0.0018,0.0000,-0.0960,21.2647,46.3378,0.6041,16.0000,0.7059,1.0000
4.4600,2.3377,0.3972,-13.9016,-0.0034,0.0000,-0.0765,21.2528,46.5525,0.6030,16.0000,0.7071,1.0000
4.4700,-2.4424,-1.7536,-11.8449,-0.0017,0.0000,-0.0570,21.2410,46.7672,0.6020,16.0000,0.7083,1.0000
4.4800,1.4978,2.1898,-12.4810,-0.0000,0.0000,-0.0374,21.2292,46.9819,0.6009,16.0000,0.7096,1.0000
4.4900,0.5733,-0.7767,-13.3423,0.0009,0.0000,-0.0179,21.2173,47.1966,0.6057,16.0000,0.7108,1.0000
4.5000,-2.1639,-0.1393,-11.3075,0.0018,0.0000,0.0016,21.2055,47.4113,0.6105,16.0000,0.7121,1.0000
4.5100,2.5307,1.5508,-14.1451,0.0010,0.0000,0.0371,21.1822,47.9640,0.6153,16.0000,0.7133,1.0000
4.5200,-0.8473,-3.9037,-13.2089,0.0002,0.0000,0.0727,21.1590,48.5166,0.6201,16.0000,0.7146,1.0000
4.5300,-1.6395,1.7909,-10.8906,-0.0006,0.0000,0.1082,21.1358,49.0692,0.6229,16.0000,0.7158,1.0000
4.5400,2.9680,0.3991,-12.8992,-0.0014,0.0000,0.1437,21.1125,49.6218,0.6258,16.0000,0.7170,1.0000
4.5500,-2.5119,-2.4575,-12.4672,-0.0005,0.0000,0.1793,21.0893,50.1744,0.6286,16.0000,0.7183,1.0000
4.5600,1.3249,2.1316,-10.8254,0.0003,0.0000,0.2377,21.0661,50.7270,0.6314,16.0000,0.7195,1.0000
4.5700,-0.3856,-2.2618,-16.0322,-0.0006,0.0000,0.2962,21.0428,51.2796,0.6370,16.0000,0.7208,1.0000
4.5800,-2.5692,0.9128,-10.5429,-0.0016,0.0000,0.3547,21.0196,51.8322,0.6426,16.0000,0.7220,1.0000
4.5900,3.6258,2.4192,-11.6743,0.0000,0.0000,0.4131,20.9964,52.3849,0.6482,16.0000,0.7233,1.0000
4.6000,-2.9041,-3.9261,-14.4201,0.0016,0.0000,0.4716,20.9731,52.9375,0.6538,16.0000,0.7245,1.0000
4.6100,0.4222,3.4205,-11.0904,0.0014,0.0000,0.6325,20.9611,53.1273,0.6508,16.0000,0.7231,1.0000
4.6200,3.6085,-1.1179,-13.2937,0.0012,0.0000,0.7933,20.9491,53.3171,0.6478,16.0000,0.7216,1.0000
4.6300,-3.7632,-2.1130,-12.1882,0.0013,0.0000,0.9542,20.9371,53.5068,0.6449,16.0000,0.7202,1.0000
4.6400,3.2321,4.3717,-11.7684,0.0015,0.0000,1.1151,20.9250,53.6966,0.6419,16.0000,0.7188,1.0000
4.6500,0.0323,-3.2270,-15.2348,0.0001,0.0000,1.2760,20.9130,53.8864,0.6472,16.0000,0.7173,1.0000
4.6600,-1.2640,0.9333,-10.5101,-0.0013,0.0000,1.1479,20.9010,54.0762,0.6525,16.0000,0.7159,1.0000
4.6700,4.3129,1.6651,-13.0010,-0.0019,0.0000,1.0199,20.8890,54.2660,0.6577,16.0000,0.7145,1.0000
4.6800,-4.0561,-3.6841,-15.0236,-0.0025,0.0000,0.8918,20.8770,54.4558,0.6630,16.0000,0.7130,1.0000
4.6900,-0.6805,3.3924,-9.5352,-0.0014,0.0000,0.7637,20.8649,54.6456,0.6641,16.0000,0.7116,1.0000
4.7000,2.5146,-1.5027,-15.3102,-0.0002,0.0000,0.6357,20.8529,54.8354,0.6651,16.0000,0.7102,1.0000
4.7100,-4.8505,-2.3923,-10.6204,-0.0001,0.0000,0.7155,20.8429,55.0220,0.6661,16.0000,0.7087,1.0000
4.7200,4.0672,3.0269,-12.3469,-0.0001,0.0000,0.7954,20.8329,55.2087,0.6672,16.0000,0.7073,1.0000
4.7300,-1.3142,-5.1002,-13.9224,0.0003,0.0000,0.8752,20.8228,55.3954,0.6733,16.0000,0.7059,1.0000
4.7400,-1.0839,1.8242,-8.3783,0.0007,0.0000,0.9551,20.8128,55.5820,0.6794,16.0000,0.7044,1.0000
4.7500,5.1012,1.1933,-14.6677,0.0001,0.0000,1.0349,20.8028,55.7687,0.6855,16.0000,0.7030,1.0000
4.7600,-4.9785,-2.9674,-11.6451,-0.0006,0.0000,1.0000,20.7927,55.9553,0.6916,16.0000,0.7016,1.0000
4.7700,3.4633,4.4329,-10.6971,0.0024,0.0000,0.9650,20.7827,56.1420,0.6916,16.0000,0.7001,1.0000
4.7800,1.7338,-3.1022,-16.7327,0.0053,0.0000,0.9300,20.7727,56.3287,0.6915,16.0000,0.6987,1.0000
4.7900,-5.8312,-1.6971,-9.8925,0.0034,0.0000,0.8951,20.7627,56.5153,0.6914,16.0000,0.6973,1.0000
4.8000,5.1334,3.8216,-12.0709,0.0014,0.0000,0.8601,20.7526,56.7020,0.6913,16.0000,0.6958,1.0000
4.8100,-3.6140,-5.2389,-15.4503,0.0018,0.0000,0.8064,20.7361,57.0390,0.6938,16.0000,0.6942,1.0000
4.8200,-2.0241,3.0286,-7.0064,0.0021,0.0000,0.7527,20.7195,57.3761,0.6962,16.0000,0.6926,1.0000
4.8300,4.9145,0.8588,-14.0257,0.0012,0.0000,0.6989,20.7029,57.7131,0.6987,16.0000,0.6910,1.0000
4.8400,-7.7050,-4.5901,-11.1430,0.0004,0.0000,0.6452,20.6864,58.0501,0.7011,16.0000,0.6894,1.0000
4.8500,3.2183,6.5575,-8.6570,0.0016,0.0000,0.5915,20.6698,58.3872,0.7025,16.0000,0.6878,1.0000
4.8600,1.0069,-4.6578,-15.9532,0.0028,0.0000,0.7819,20.6533,58.7242,0.7038,16.0000,0.6862,1.0000
4.8700,-5.4411,-0.5136,-7.3308,0.0008,0.0000,0.9723,20.6367,59.0612,0.7051,16.0000,0.6846,1.0000
4.8800,6.2916,4.4717,-11.9170,-0.0012,0.0000,1.1626,20.6201,59.3983,0.7065,16.0000,0.6830,1.0000
4.8900,-4.0503,-6.5905,-14.2271,0.0010,0.0000,1.3530,20.6036,59.7353,0.7097,16.0000,0.6814,1.0000
4.9000,0.5504,4.7666,-8.6401,0.0032,0.0000,1.5434,20.5870,60.0724,0.7129,16.0000,0.6798,1.0000
4.9100,4.9324,-0.9747,-17.2727,0.0045,0.0000,1.4650,20.5792,60.2583,0.7161,16.0000,0.6782,1.0000
4.9200,-7.1174,-3.6044,-9.9866,0.0058,0.0000,1.3866,20.5715,60.4442,0.7194,16.0000,0.6766,1.0000
4.9300,6.4422,6.3375,-12.0458,0.0028,0.0000,1.3083,20.5637,60.6301,0.7192,16.0000,0.6750,1.0000
4.9400,-1.2246,-5.9643,-16.5076,-0.0003,0.0000,1.2299,20.5559,60.8160,0.7190,16.0000,0.6734,1.0000
4.9500,-4.8223,0.8971,-8.8717,-0.0002,0.0000,1.1515,20.5481,61.0019,0.7188,16.0000,0.6718,1.0000
4.9600,7.7654,2.1859,-15.5342,-0.0000,0.0000,1.1612,20.5404,61.1878,0.7186,16.0000,0.6702,1.0000
4.9700,-7.2456,-6.2234,-13.4957,-0.0004,0.0000,1.1708,20.5326,61.3738,0.7186,16.0000,0.6686,1.0000
4.9800,1.6281,6.7958,-8.0561,-0.0008,0.0000,1.1805,20.5248,61.5597,0.7187,16.0000,0.6670,1.0000
4.9900,4.5531,-2.7919,-16.4328,0.0009,0.0000,1.1902,20.5170,61.7456,0.7187,16.0000,0.6654,1.0000
5.0000,-6.9777,-2.2479,-8.7339,0.0026,0.0000,1.1998,20.5092,61.9315,0.7187,16.0000,0.6638,1.0000
5.0100,8.6351,6.7691,-12.1848,0.0006,0.0000,1.1739,20.4923,62.2398,0.7248,16.0000,0.6666,1.0000
5.0200,-3.2517,-6.3206,-16.7650,-0.0014,0.0000,1.1480,20.4754,62.5481,0.7310,16.0000,0.6695,1.0000
5.0300,-3.7877,3.3580,-5.9173,0.0002,0.0000,1.1221,20.4585,62.8563,0.7372,16.0000,0.6723,1.0000
5.0400,8.5921,1.0736,-15.6193,0.0018,0.0000,1.0962,20.4416,63.1646,0.7434,16.0000,0.6751,1.0000
5.0500,-9.4533,-7.2153,-11.7482,-0.0001,0.0000,1.0703,20.4247,63.4729,0.7406,16.0000,0.6780,1.0000
5.0600,5.2337,7.9713,-9.1287,-0.0019,0.0000,1.1534,20.4078,63.7812,0.7378,16.0000,0.6808,1.0000
5.0700,3.1081,-5.0728,-18.0713,0.0004,0.0000,1.2366,20.3909,64.0895,0.7351,16.0000,0.6837,1.0000
5.0800,-7.7741,-1.7636,-7.2351,0.0026,0.0000,1.3197,20.3740,64.3977,0.7323,16.0000,0.6865,1.0000
5.0900,9.3646,5.1670,-13.0903,-0.0002,0.0000,1.4028,20.3571,64.7060,0.7390,16.0000,0.6893,1.0000
5.1000,-5.5887,-7.9491,-14.8528,-0.0031,0.0000,1.4859,20.3401,65.0143,0.7457,16.0000,0.6922,1.0000
5.1100,-2.2708,6.0073,-7.3983,0.0000,0.0000,1.6168,20.3418,64.9235,0.7524,16.0000,0.6950,1.0000
5.1200,6.9887,-1.5228,-15.9075,0.0031,0.0000,1.7478,20.3435,64.8327,0.7591,16.0000,0.6978,1.0000
5.1300,-10.9510,-5.8478,-10.3614,0.0025,0.0000,1.8787,20.3452,64.7419,0.7572,16.0000,0.7007,1.0000
5.1400,7.6629,9.1897,-9.1004,0.0019,0.0000,2.0097,20.3469,64.6512,0.7553,16.0000,0.7035,1.0000
5.1500,-0.1741,-6.4938,-17.0091,0.0007,0.0000,2.1407,20.3486,64.5604,0.7534,16.0000,0.7063,1.0000
5.1600,-6.6655,0.8496,-6.9165,-0.0005,0.0000,2.0801,20.3503,64.4696,0.7516,16.0000,0.7092,1.0000
5.1700,10.4570,5.8138,-13.5119,-0.0004,0.0000,2.0195,20.3520,64.3788,0.7536,16.0000,0.7120,1.0000
5.1800,-7.1708,-7.4169,-15.4494,-0.0004,0.0000,1.9590,20.3536,64.2880,0.7556,16.0000,0.7149,1.0000
5.1900,1.8085,7.3231,-6.5245,0.0012,0.0000,1.8984,20.3553,64.1973,0.7576,16.0000,0.7177,1.0000
5.2000,5.9566,-3.5427,-18.2729,0.0027,0.0000,1.8378,20.3570,64.1065,0.7596,16.0000,0.7205,1.0000
5.2100,-10.7362,-5.0069,-8.9155,0.0012,0.0000,1.8677,20.3357,64.5496,0.7641,16.0000,0.7201,1.0000
5.2200,10.0384,8.6338,-9.7141,-0.0004,0.0000,1.8976,20.3144,64.9927,0.7686,16.0000,0.7196,1.0000
5.2300,-3.4827,-9.0860,-15.9568,-0.0001,0.0000,1.9275,20.2931,65.4358,0.7732,16.0000,0.7191,1.0000
5.2400,-4.5856,3.3992,-4.1443,0.0002,0.0000,1.9573,20.2718,65.8789,0.7777,16.0000,0.7186,1.0000
5.2500,9.6289,2.7700,-16.1246,-0.0007,0.0000,1.9872,20.2505,66.3220,0.7772,16.0000,0.7182,1.0000
5.2600,-11.2129,-9.5403,-11.9383,-0.0015,0.0000,2.0356,20.2291,66.7651,0.7768,16.0000,0.7177,1.0000
5.2700,4.6043,10.2778,-7.0564,0.0026,0.0000,2.0839,20.2078,67.2082,0.7763,16.0000,0.7172,1.0000
5.2800,4.2057,-5.4771,-18.9688,0.0067,0.0000,2.1323,20.1865,67.6513,0.7759,16.0000,0.7168,1.0000
5.2900,-10.3464,-1.3054,-7.0105,0.0048,0.0000,2.1807,20.1652,68.0944,0.7806,16.0000,0.7163,1.0000
5.3000,10.9641,8.3617,-13.1590,0.0028,0.0000,2.2290,20.1439,68.5375,0.7853,16.0000,0.7158,1.0000
5.3100,-6.1709,-10.7733,-15.8198,0.0002,0.0000,2.3004,20.1349,68.7913,0.7900,16.0000,0.7154,1.0000
5.3200,-1.8722,7.6702,-5.9153,-0.0025,0.0000,2.3717,20.1259,69.0451,0.7947,16.0000,0.7149,1.0000
5.3300,9.8377,0.3245,-17.6578,-0.0022,0.0000,2.4430,20.1169,69.2989,0.7955,16.0000,0.7144,1.0000
5.3400,-12.6344,-9.1720,-9.7501,-0.0018,0.0000,2.5143,20.1079,69.5527,0.7963,16.0000,0.7139,1.0000
5.3500,7.3962,9.9561,-8.5493,-0.0012,0.0000,2.5856,20.0988,69.8066,0.7971,16.0000,0.7135,1.0000
5.3600,0.2660,-8.6274,-17.6643,-0.0005,0.0000,2.6229,20.0898,70.0604,0.7979,16.0000,0.7130,1.0000
5.3700,-10.3406,0.8990,-5.3993,0.0016,0.0000,2.6602,20.0808,70.3142,0.7974,16.0000,0.7125,1.0000
5.3800,13.3889,7.1607,-12.9123,0.0038,0.0000,2.6975,20.0718,70.5680,0.7968,16.0000,0.7121,1.0000
5.3900,-10.4297,-11.4117,-15.3687,0.0005,0.0000,2.7348,20.0628,70.8219,0.7963,16.0000,0.7116,1.0000
5.4000,2.0849,8.1398,-3.5940,-0.0027,0.0000,2.7722,20.0538,71.0757,0.7957,16.0000,0.7111,1.0000
5.4100,8.3827,-2.6793,-17.9717,-0.0032,0.0000,2.7943,20.0407,71.3096,0.8005,16.0000,0.7128,1.0000
5.4200,-13.7338,-5.4374,-7.5730,-0.0036,0.0000,2.8164,20.0277,71.5435,0.8052,16.0000,0.7145,1.0000
5.4300,12.3383,10.1717,-10.2602,-0.0030,0.0000,2.8385,20.0146,71.7774,0.8100,16.0000,0.7162,1.0000
5.4400,-2.4004,-10.8477,-18.4845,-0.0023,0.0000,2.8606,20.0016,72.0113,0.8147,16.0000,0.7180,1.0000
5.4500,-6.7936,5.2467,-4.3676,-0.0016,0.0000,2.8827,19.9885,72.2452,0.8160,16.0000,0.7197,1.0000
5.4600,13.1597,4.2646,-15.8955,-0.0009,0.0000,2.9572,19.9754,72.4791,0.8174,16.0000,0.7214,1.0000
5.4700,-12.7533,-11.2143,-12.4669,-0.0010,0.0000,3.0318,19.9624,72.7130,0.8187,16.0000,0.7231,1.0000
5.4800,4.6063,12.3171,-4.8483,-0.0010,0.0000,3.1063,19.9493,72.9470,0.8200,16.0000,0.7248,1.0000
5.4900,6.1008,-6.6451,-19.5297,-0.0014,0.0000,3.1809,19.9362,73.1809,0.8202,16.0000,0.7265,1.0000
5.5000,-13.8318,-1.8282,-6.8811,-0.0017,0.0000,3.2554,19.9232,73.4148,0.8204,16.0000,0.7282,1.0000
5.5100,13.2884,9.7383,-11.8009,0.0023,0.0000,3.2782,19.9097,73.6534,0.8205,16.0000,0.7299,1.0000
5.5200,-8.5302,-11.2135,-16.1523,0.0063,0.0000,3.3010,19.8962,73.8921,0.8207,16.0000,0.7316,1.0000
5.5300,-3.5220,8.0992,-4.0174,0.0029,0.0000,3.3238,19.8827,74.1308,0.8224,16.0000,0.7333,1.0000
5.5400,12.2905,0.4037,-17.7104,-0.0005,0.0000,3.3466,19.8692,74.3694,0.8241,16.0000,0.7350,1.0000
5.5500,-14.0622,-8.7043,-10.4851,-0.0026,0.0000,3.3694,19.8558,74.6081,0.8257,16.0000,0.7367,1.0000
5.5600,10.4656,12.3671,-6.9982,-0.0048,0.0000,3.4544,19.8423,74.8467,0.8274,16.0000,0.7384,1.0000
5.5700,2.2398,-9.3306,-19.7024,-0.0027,0.0000,3.5394,19.8288,75.0854,0.8277,16.0000,0.7402,1.0000
5.5800,-10.8866,0.8059,-5.3585,-0.0006,0.0000,3.6244,19.8153,75.3241,0.8280,16.0000,0.7419,1.0000
5.5900,15.0753,8.1878,-13.1833,-0.0022,0.0000,3.7094,19.8018,75.5627,0.8283,16.0000,0.7436,1.0000
5.6000,-10.9634,-13.7662,-12.2913,-0.0038,0.0000,3.7945,19.7883,75.8014,0.8285,16.0000,0.7453,1.0000
5.6100,1.6455,9.7307,-4.4759,-0.0013,0.0000,3.7724,19.7885,75.8015,0.8307,16.0000,0.7440,1.0000
5.6200,9.6001,-3.8293,-18.7597,0.0013,0.0000,3.7503,19.7887,75.8015,0.8328,16.0000,0.7426,1.0000
5.6300,-14.6171,-6.6944,-6.4996,-0.0018,0.0000,3.7282,19.7888,75.8016,0.8350,16.0000,0.7413,1.0000
5.6400,12.8238,13.3468,-9.3030,-0.0048,0.0000,3.7061,19.7890,75.8017,0.8371,16.0000,0.7400,1.0000
5.6500,-3.8634,-12.1603,-18.2901,-0.0011,0.0000,3.6840,19.7892,75.8018,0.8364,16.0000,0.7387,1.0000
5.6600,-8.4361,4.0548,-2.5933,0.0026,0.0000,3.7196,19.7894,75.8018,0.8357,16.0000,0.7373,1.0000
5.6700,15.6116,5.5375,-15.4556,0.0000,0.0000,3.7552,19.7895,75.8019,0.8349,16.0000,0.7360,1.0000
5.6800,-14.5751,-11.5424,-12.3059,-0.0026,0.0000,3.7908,19.7897,75.8020,0.8342,16.0000,0.7347,1.0000
5.6900,6.1888,14.1161,-3.9430,-0.0010,0.0000,3.8265,19.7899,75.8021,0.8376,16.0000,0.7334,1.0000
5.7000,5.8081,-7.2362,-18.7319,0.0006,0.0000,3.8621,19.7901,75.8021,0.8410,16.0000,0.7320,1.0000
5.7100,-14.2568,-2.5211,-4.7167,0.0020,0.0000,3.8329,19.7796,76.0143,0.8444,16.0000,0.7307,1.0000
5.7200,15.3897,11.6901,-11.6811,0.0034,0.0000,3.8036,19.7691,76.2264,0.8478,16.0000,0.7294,1.0000
5.7300,-8.2097,-12.7684,-18.0274,0.0029,0.0000,3.7744,19.7585,76.4386,0.8480,16.0000,0.7281,1.0000
5.7400,-4.2310,7.3762,-2.3996,0.0025,0.0000,3.7451,19.7480,76.6508,0.8481,16.0000,0.7267,1.0000
5.7500,12.8342,0.2802,-18.0440,-0.0009,0.0000,3.7159,19.7375,76.8629,0.8482,16.0000,0.7254,1.0000
5.7600,-16.1613,-10.3347,-9.3182,-0.0042,0.0000,3.9095,19.7270,77.0751,0.8483,16.0000,0.7241,1.0000
5.7700,11.5379,14.4311,-5.7249,-0.0025,0.0000,4.1031,19.7165,77.2872,0.8503,16.0000,0.7228,1.0000
5.7800,0.0754,-9.8760,-20.7409,-0.0007,0.0000,4.2968,19.7060,77.4994,0.8523,16.0000,0.7215,1.0000
5.7900,-11.3306,1.1908,-2.6103,-0.0017,0.0000,4.4904,19.6955,77.7115,0.8543,16.0000,0.7201,1.0000
5.8000,15.5190,8.4184,-15.7179,-0.0027,0.0000,4.6841,19.6850,77.9237,0.8563,16.0000,0.7188,1.0000
5.8100,-12.1330,-13.7904,-14.5057,-0.0018,0.0000,4.7431,19.6717,78.1605,0.8528,16.0000,0.7182,1.0000
5.8200,2.0395,12.8671,-2.3178,-0.0009,0.0000,4.8021,19.6585,78.3973,0.8494,16.0000,0.7176,1.0000
5.8300,10.4349,-3.4744,-19.6326,-0.0019,0.0000,4.8611,19.6452,78.6341,0.8459,16.0000,0.7170,1.0000
5.8400,-15.7184,-7.6973,-7.4093,-0.0030,0.0000,4.9201,19.6319,78.8709,0.8425,16.0000,0.7163,1.0000
5.8500,15.1370,12.7583,-8.6489,-0.0009,0.0000,4.9791,19.6187,79.1077,0.8491,16.0000,0.7157,1.0000
5.8600,-4.7201,-12.3814,-19.3736,0.0013,0.0000,5.0287,19.6054,79.3446,0.8556,16.0000,0.7151,1.0000
5.8700,-7.7879,5.5294,-1.3392,0.0009,0.0000,5.0783,19.5921,79.5814,0.8622,16.0000,0.7145,1.0000
5.8800,15.6915,5.5537,-18.3527,0.0005,0.0000,5.1279,19.5789,79.8182,0.8688,16.0000,0.7139,1.0000
5.8900,-15.8443,-12.7700,-11.8247,0.0009,0.0000,5.1775,19.5656,80.0550,0.8697,16.0000,0.7133,1.0000
5.9000,5.6405,13.7269,-4.9528,0.0012,0.0000,5.2272,19.5524,80.2918,0.8706,16.0000,0.7127,1.0000
5.9100,4.6164,-6.8762,-19.9820,-0.0019,0.0000,5.0958,19.5441,80.4683,0.8714,16.0000,0.7120,1.0000
5.9200,-14.2601,-1.3894,-2.7701,-0.0050,0.0000,4.9644,19.5359,80.6448,0.8723,16.0000,0.7114,1.0000
5.9300,16.2350,11.8169,-11.7783,-0.0020,0.0000,4.8330,19.5277,80.8213,0.8729,16.0000,0.7108,1.0000
5.9400,-8.9106,-13.8337,-15.9300,0.0010,0.0000,4.7015,19.5194,80.9978,0.8735,16.0000,0.7102,1.0000
5.9500,-1.6588,10.2263,-1.6854,0.0005,0.0000,4.5701,19.5112,81.1743,0.8741,16.0000,0.7096,1.0000
5.9600,14.0117,0.6622,-19.5221,0.0000,0.0000,4.6477,19.5030,81.3507,0.8747,16.0000,0.7090,1.0000
5.9700,-17.5236,-9.7869,-8.3491,-0.0005,0.0000,4.7252,19.4948,81.5272,0.8761,16.0000,0.7083,1.0000
5.9800,11.6560,14.4368,-7.3117,-0.0011,0.0000,4.8027,19.4865,81.7037,0.8776,16.0000,0.7077,1.0000
5.9900,1.2471,-11.2781,-20.9332,-0.0016,0.0000,4.8802,19.4783,81.8802,0.8790,16.0000,0.7071,1.0000
6.0000,-11.0408,1.2460,-4.7149,-0.0021,0.0000,4.9577,19.4701,82.0567,0.8804,16.0000,0.7065,1.0000
6.0100,17.0831,6.7936,-14.8969,-0.0028,0.0000,4.9899,19.4712,82.0189,0.8800,16.0000,0.7072,1.0000
6.0200,-13.2937,-14.0571,-14.4738,-0.0035,0.0000,5.0222,19.4722,81.9812,0.8797,16.0000,0.7080,1.0000
6.0300,3.1935,12.4582,-2.4159,0.0008,0.0000,5.0545,19.4733,81.9434,0.8793,16.0000,0.7087,1.0000
6.0400,7.9875,-4.8461,-20.9904,0.0052,0.0000,5.0867,19.4743,81.9056,0.8790,16.0000,0.7094,1.0000
6.0500,-15.7291,-5.4297,-5.3988,0.0028,0.0000,5.1190,19.4754,81.8679,0.8801,16.0000,0.7102,1.0000
6.0600,14.4670,13.5980,-8.6115,0.0005,0.0000,5.1290,19.4765,81.8301,0.8813,16.0000,0.7109,1.0000
6.0700,-5.4145,-12.3214,-17.6261,-0.0010,0.0000,5.1389,19.4775,81.7924,0.8824,16.0000,0.7117,1.0000
6.0800,-7.4527,6.3780,-1.0681,-0.0025,0.0000,5.1489,19.4786,81.7546,0.8836,16.0000,0.7124,1.0000
6.0900,15.6936,5.2622,-17.0257,-0.0018,0.0000,5.1589,19.4797,81.7168,0.8861,16.0000,0.7131,1.0000
6.1000,-15.8960,-12.6241,-11.3371,-0.0011,0.0000,5.1688,19.4807,81.6791,0.8886,16.0000,0.7139,1.0000
6.1100,9.4621,13.6126,-5.1117,0.0019,0.0000,5.2847,19.4719,81.8317,0.8912,16.0000,0.7146,1.0000
6.1200,4.5761,-9.1470,-20.2024,0.0049,0.0000,5.4005,19.4630,81.9844,0.8937,16.0000,0.7153,1.0000
6.1300,-14.1686,-1.7554,-5.3730,0.0029,0.0000,5.5164,19.4542,82.1371,0.8939,16.0000,0.7161,1.0000
6.1400,16.0677,10.3362,-12.2688,0.0008,0.0000,5.6322,19.4453,82.2898,0.8941,16.0000,0.7168,1.0000
6.1500,-10.5231,-15.6124,-14.4776,-0.0011,0.0000,5.7481,19.4365,82.4425,0.8943,16.0000,0.7175,1.0000
6.1600,-0.9349,10.2798,-1.8892,-0.0031,0.0000,5.8262,19.4276,82.5952,0.8946,16.0000,0.7183,1.0000
6.1700,11.9691,-0.9811,-18.9759,-0.0004,0.0000,5.9044,19.4187,82.7479,0.8951,16.0000,0.7190,1.0000
6.1800,-18.4204,-9.5437,-6.8492,0.0022,0.0000,5.9825,19.4099,82.9006,0.8956,16.0000,0.7197,1.0000
6.1900,12.8575,13.6898,-9.0157,0.0002,0.0000,6.0606,19.4010,83.0533,0.8961,16.0000,0.7205,1.0000
6.2000,-2.0499,-11.8876,-18.7726,-0.0017,0.0000,6.1388,19.3922,83.2059,0.8966,16.0000,0.7212,1.0000
6.2100,-9.7920,4.9895,-1.3690,-0.0011,0.0000,6.1457,19.3828,83.4041,0.8990,16.0000,0.7213,1.0000
6.2200,18.3300,7.6834,-15.9781,-0.0005,0.0000,6.1527,19.3735,83.6023,0.9014,16.0000,0.7214,1.0000
6.2300,-14.1544,-13.1756,-13.8461,0.0006,0.0000,6.1596,19.3642,83.8004,0.9037,16.0000,0.7215,1.0000
6.2400,4.6960,13.8094,-4.1987,0.0016,0.0000,6.1666,19.3548,83.9986,0.9061,16.0000,0.7216,1.0000
6.2500,9.1973,-6.2480,-21.0742,-0.0012,0.0000,6.1736,19.3455,84.1968,0.9072,16.0000,0.7217,1.0000
6.2600,-15.6993,-5.3712,-5.4820,-0.0040,0.0000,6.2521,19.3362,84.3949,0.9083,16.0000,0.7218,1.0000
6.2700,15.4918,13.0598,-9.3040,-0.0011,0.0000,6.3307,19.3269,84.5931,0.9094,16.0000,0.7219,1.0000
6.2800,-7.5589,-15.0577,-18.0587,0.0017,0.0000,6.4093,19.3175,84.7913,0.9104,16.0000,0.7220,1.0000
6.2900,-5.6315,6.6130,-1.5733,-0.0003,0.0000,6.4879,19.3082,84.9894,0.9099,16.0000,0.7221,1.0000
6.3000,14.6835,1.9124,-18.2435,-0.0022,0.0000,6.5664,19.2989,85.1876,0.9093,16.0000,0.7222,1.0000
6.3100,-17.0395,-10.4731,-9.3034,-0.0018,0.0000,6.7117,19.3000,85.1308,0.9087,16.0000,0.7223,1.0000
6.3200,9.9826,15.0659,-5.5353,-0.0014,0.0000,6.8570,19.3011,85.0739,0.9081,16.0000,0.7224,1.0000
6.3300,2.4713,-10.5207,-20.2562,-0.0012,0.0000,7.0023,19.3022,85.0171,0.9088,16.0000,0.7225,1.0000
6.3400,-12.2645,0.6196,-2.1171,-0.0011,0.0000,7.1476,19.3033,84.9603,0.9096,16.0000,0.7225,1.0000
6.3500,18.1986,10.6697,-13.1766,-0.0006,0.0000,7.2929,19.3044,84.9034,0.9103,16.0000,0.7226,1.0000
6.3600,-11.1063,-14.6581,-14.4994,-0.0002,0.0000,7.2441,19.3055,84.8466,0.9111,16.0000,0.7227,1.0000
6.3700,2.0304,12.1203,-2.2736,0.0002,0.0000,7.1953,19.3066,84.7898,0.9100,16.0000,0.7228,1.0000
6.3800,11.2165,-2.9349,-19.7311,0.0006,0.0000,7.1465,19.3077,84.7329,0.9089,16.0000,0.7229,1.0000
6.3900,-16.0561,-8.0308,-7.0865,0.0004,0.0000,7.0976,19.3088,84.6761,0.9078,16.0000,0.7230,1.0000
6.4000,13.5921,13.1485,-9.0921,0.0003,0.0000,7.0488,19.3099,84.6193,0.9067,16.0000,0.7231,1.0000
6.4100,-3.1001,-12.3689,-18.6893,0.0004,0.0000,7.0639,19.3084,84.6062,0.9111,16.0000,0.7218,1.0000
6.4200,-9.1688,4.2356,-2.0087,0.0006,0.0000,7.0790,19.3070,84.5930,0.9155,16.0000,0.7204,1.0000
6.4300,17.1615,6.6949,-14.2734,0.0006,0.0000,7.0941,19.3056,84.5799,0.9199,16.0000,0.7191,1.0000
6.4400,-15.3536,-13.6121,-10.6256,0.0005,0.0000,7.1092,19.3042,84.5668,0.9243,16.0000,0.7178,1.0000
6.4500,5.0169,13.7420,-2.4333,0.0008,0.0000,7.1242,19.3028,84.5537,0.9224,16.0000,0.7165,1.0000
6.4600,4.8078,-7.5827,-19.2331,0.0011,0.0000,7.2561,19.3014,84.5406,0.9204,16.0000,0.7151,1.0000
6.4700,-15.5989,-2.4309,-3.5998,-0.0011,0.0000,7.3880,19.3000,84.5275,0.9185,16.0000,0.7138,1.0000
6.4800,16.3755,11.2073,-9.7215,-0.0032,0.0000,7.5199,19.2986,84.5143,0.9166,16.0000,0.7125,1.0000
6.4900,-8.6978,-14.0319,-16.8228,0.0005,0.0000,7.6518,19.2971,84.5012,0.9188,16.0000,0.7111,1.0000
6.5000,-2.9508,9.2057,-0.8640,0.0043,0.0000,7.7837,19.2957,84.4881,0.9211,16.0000,0.7098,1.0000
6.5100,14.2693,0.3481,-18.8678,0.0011,0.0000,7.8196,19.2833,84.7587,0.9234,16.0000,0.7085,1.0000
6.5200,-16.9142,-10.5991,-7.1811,-0.0021,0.0000,7.8555,19.2708,85.0292,0.9256,16.0000,0.7071,1.0000
6.5300,10.3445,14.8349,-5.7087,-0.0014,0.0000,7.8914,19.2583,85.2998,0.9253,16.0000,0.7058,1.0000
6.5400,0.7721,-10.7271,-19.4320,-0.0007,0.0000,7.9273,19.2458,85.5704,0.9251,16.0000,0.7045,1.0000
6.5500,-11.1816,1.8036,-2.5220,0.0006,0.0000,7.9632,19.2334,85.8409,0.9248,16.0000,0.7031,1.0000
6.5600,17.0231,8.3425,-13.9134,0.0019,0.0000,8.0098,19.2209,86.1115,0.9245,16.0000,0.7018,1.0000
6.5700,-14.4770,-14.5053,-13.6930,-0.0011,0.0000,8.0563,19.2084,86.3821,0.9242,16.0000,0.7005,1.0000
6.5800,2.0442,12.2442,-0.9465,-0.0042,0.0000,8.1029,19.1960,86.6526,0.9239,16.0000,0.6991,1.0000
6.5900,9.9679,-5.1293,-18.5147,-0.0014,0.0000,8.1494,19.1835,86.9232,0.9236,16.0000,0.6978,1.0000
6.6000,-15.9176,-4.8504,-6.3641,0.0015,0.0000,8.1960,19.1710,87.1938,0.9233,16.0000,0.6965,1.0000
6.6100,15.0395,13.0505,-8.1874,0.0003,0.0000,8.2412,19.1730,87.1059,0.9237,16.0000,0.6979,1.0000
6.6200,-5.7664,-13.9286,-17.9188,-0.0009,0.0000,8.2865,19.1751,87.0180,0.9242,16.0000,0.6994,1.0000
6.6300,-6.4846,6.8801,0.0366,-0.0014,0.0000,8.3317,19.1771,86.9302,0.9247,16.0000,0.7009,1.0000
6.6400,15.0962,3.6386,-16.1601,-0.0019,0.0000,8.3770,19.1791,86.8423,0.9251,16.0000,0.7023,1.0000
6.6500,-15.4892,-12.8262,-10.7759,-0.0016,0.0000,8.4222,19.1811,86.7545,0.9235,16.0000,0.7038,1.0000
6.6600,8.0552,14.0461,-4.5671,-0.0012,0.0000,8.4154,19.1831,86.6666,0.9219,16.0000,0.7053,1.0000
6.6700,4.6496,-9.5048,-20.1340,-0.0008,0.0000,8.4086,19.1851,86.5788,0.9203,16.0000,0.7068,1.0000
6.6800,-14.8290,-2.1656,-3.8107,-0.0004,0.0000,8.4018,19.1872,86.4909,0.9187,16.0000,0.7082,1.0000
6.6900,15.9639,9.9255,-12.1085,0.0005,0.0000,8.3951,19.1892,86.4031,0.9208,16.0000,0.7097,1.0000
6.7000,-11.2932,-14.0334,-14.9053,0.0013,0.0000,8.3883,19.1912,86.3152,0.9229,16.0000,0.7112,1.0000
6.7100,-1.8933,11.1698,-1.1706,0.0007,0.0000,8.4116,19.1909,86.3206,0.9249,16.0000,0.7127,1.0000
6.7200,12.4498,-0.9382,-19.8649,0.0001,0.0000,8.4349,19.1905,86.3259,0.9270,16.0000,0.7141,1.0000
6.7300,-17.5223,-7.7965,-6.4644,0.0024,0.0000,8.4582,19.1902,86.3313,0.9299,16.0000,0.7156,1.0000
6.7400,13.1804,14.0860,-6.1875,0.0047,0.0000,8.4816,19.1899,86.3366,0.9328,16.0000,0.7171,1.0000
6.7500,-0.9475,-11.4462,-19.0066,-0.0001,0.0000,8.5049,19.1895,86.3420,0.9357,16.0000,0.7185,1.0000
6.7600,-9.0053,3.5214,-0.1713,-0.0048,0.0000,8.6213,19.1892,86.3473,0.9385,16.0000,0.7200,1.0000
6.7700,18.0328,6.7743,-14.9983,-0.0018,0.0000,8.7378,19.1889,86.3527,0.9338,16.0000,0.7215,1.0000
6.7800,-13.2581,-14.2389,-12.8958,0.0012,0.0000,8.8542,19.1885,86.3580,0.9291,16.0000,0.7230,1.0000
6.7900,4.6314,12.7014,-1.7373,-0.0005,0.0000,8.9707,19.1882,86.3634,0.9243,16.0000,0.7244,1.0000
6.8000,7.1254,-7.2427,-18.4059,-0.0022,0.0000,9.0871,19.1879,86.3687,0.9196,16.0000,0.7259,1.0000
6.8100,-14.4908,-4.2333,-3.6580,-0.0002,0.0000,9.0772,19.1866,86.3171,0.9189,16.0000,0.7264,1.0000
6.8200,16.1921,13.4038,-10.0871,0.0017,0.0000,9.0673,19.1854,86.2655,0.9182,16.0000,0.7270,1.0000
6.8300,-7.2091,-13.1218,-16.4007,-0.0007,0.0000,9.0574,19.1842,86.2139,0.9176,16.0000,0.7275,1.0000
6.8400,-4.8185,8.5105,-1.4165,-0.0030,0.0000,9.0475,19.1829,86.1623,0.9169,16.0000,0.7280,1.0000
6.8500,14.0965,2.0172,-17.0780,-0.0002,0.0000,9.0377,19.1817,86.1106,0.9164,16.0000,0.7286,1.0000
6.8600,-16.4648,-11.0938,-8.8630,0.0026,0.0000,9.1684,19.1805,86.0590,0.9160,16.0000,0.7291,1.0000
6.8700,10.0329,14.5452,-4.9193,0.0029,0.0000,9.2992,19.1792,86.0074,0.9155,16.0000,0.7296,1.0000
6.8800,1.5770,-9.6968,-17.7016,0.0033,0.0000,9.4300,19.1780,85.9558,0.9150,16.0000,0.7302,1.0000
6.8900,-13.2086,0.6349,-0.4955,0.0026,0.0000,9.5608,19.1768,85.9042,0.9155,16.0000,0.7307,1.0000
6.9000,17.9834,10.0564,-12.3381,0.0019,0.0000,9.6915,19.1755,85.8526,0.9161,16.0000,0.7312,1.0000
6.9100,-12.2435,-14.4761,-14.2309,0.0016,0.0000,9.7211,19.1659,86.0719,0.9166,16.0000,0.7318,1.0000
6.9200,1.0001,11.9680,-1.1766,0.0013,0.0000,9.7507,19.1562,86.2913,0.9172,16.0000,0.7323,1.0000
6.9300,10.2758,-3.1845,-19.1641,0.0013,0.0000,9.7803,19.1465,86.5107,0.9207,16.0000,0.7328,1.0000
6.9400,-16.7377,-6.6799,-5.5176,0.0012,0.0000,9.8100,19.1368,86.7301,0.9243,16.0000,0.7334,1.0000
6.9500,13.5342,13.6019,-6.4957,-0.0012,0.0000,9.8396,19.1272,86.9495,0.9278,16.0000,0.7339,1.0000
6.9600,-3.9618,-12.8084,-18.3055,-0.0035,0.0000,9.9518,19.1175,87.1689,0.9313,16.0000,0.7344,1.0000
6.9700,-10.0553,5.4231,-0.1385,-0.0012,0.0000,10.0641,19.1078,87.3883,0.9319,16.0000,0.7350,1.0000
6.9800,15.4631,4.3827,-14.8316,0.0011,0.0000,10.1764,19.0981,87.6077,0.9324,16.0000,0.7355,1.0000
6.9900,-15.2436,-13.7781,-11.3652,-0.0012,0.0000,10.2886,19.0885,87.8271,0.9329,16.0000,0.7360,1.0000
7.0000,6.1230,14.3120,-2.6610,-0.0034,0.0000,10.4009,19.0788,88.0465,0.9334,16.0000,0.7366,1.0000
7.0100,6.6330,-6.2577,-17.6168,-0.0029,0.0000,10.3127,19.0674,88.2331,0.9311,16.0000,0.7354,1.0000
7.0200,-14.7356,-3.6007,-3.3063,-0.0024,0.0000,10.2246,19.0559,88.4197,0.9288,16.0000,0.7342,1.0000
7.0300,16.1513,11.7720,-11.4043,-0.0023,0.0000,10.1364,19.0445,88.6062,0.9264,16.0000,0.7331,1.0000
7.0400,-9.5611,-13.6887,-16.5459,-0.0022,0.0000,10.0482,19.0331,88.7928,0.9241,16.0000,0.7319,1.0000
7.0500,-3.9069,9.8337,0.0668,-0.0002,0.0000,9.9601,19.0217,88.9794,0.9259,16.0000,0.7307,1.0000
7.0600,13.7583,-0.6577,-17.7193,0.0018,0.0000,10.0777,19.0102,89.1660,0.9276,16.0000,0.7296,1.0000
7.0700,-16.7336,-11.0700,-8.0686,0.0017,0.0000,10.1953,18.9988,89.3526,0.9294,16.0000,0.7284,1.0000
7.0800,10.9131,14.1977,-5.2575,0.0017,0.0000,10.3129,18.9874,89.5392,0.9311,16.0000,0.7272,1.0000
7.0900,-0.5978,-12.1999,-18.4001,0.0017,0.0000,10.4305,18.9760,89.7258,0.9291,16.0000,0.7261,1.0000
7.1000,-12.5322,1.7756,-0.0745,0.0018,0.0000,10.5481,18.9645,89.9124,0.9270,16.0000,0.7249,1.0000
7.1100,17.3560,7.6210,-13.5918,0.0003,0.0000,10.5860,18.9767,89.6688,0.9250,16.0000,0.7237,1.0000
7.1200,-14.6832,-14.0760,-13.4260,-0.0012,0.0000,10.6239,18.9889,89.4251,0.9229,16.0000,0.7226,1.0000
7.1300,2.8230,12.2103,-1.8040,0.0001,0.0000,10.6617,19.0011,89.1815,0.9226,16.0000,0.7214,1.0000
7.1400,9.8388,-4.3920,-19.2928,0.0014,0.0000,10.6996,19.0133,88.9379,0.9223,16.0000,0.7202,1.0000
7.1500,-16.3720,-5.6318,-4.5153,-0.0002,0.0000,10.7375,19.0254,88.6943,0.9220,16.0000,0.7191,1.0000
7.1600,16.3670,13.8160,-6.8993,-0.0017,0.0000,10.8580,19.0376,88.4507,0.9217,16.0000,0.7179,1.0000
7.1700,-5.1945,-13.8644,-17.9845,-0.0019,0.0000,10.9785,19.0498,88.2071,0.9233,16.0000,0.7167,1.0000
7.1800,-7.1729,6.9348,-0.8013,-0.0022,0.0000,11.0990,19.0620,87.9635,0.9249,16.0000,0.7156,1.0000
7.1900,15.5982,3.6733,-15.0931,-0.0000,0.0000,11.2195,19.0742,87.7199,0.9265,16.0000,0.7144,1.0000
7.2000,-17.0605,-13.1798,-9.2748,0.0021,0.0000,11.3400,19.0863,87.4763,0.9281,16.0000,0.7132,1.0000
7.2100,8.1395,13.7625,-2.9900,0.0010,0.0000,11.2257,19.0806,87.5494,0.9280,16.0000,0.7123,1.0000
7.2200,4.9220,-8.9648,-18.2548,-0.0001,0.0000,11.1113,19.0748,87.6225,0.9279,16.0000,0.7114,1.0000
7.2300,-15.1840,-1.8471,-1.9938,-0.0015,0.0000,10.9969,19.0690,87.6956,0.9278,16.0000,0.7104,1.0000
7.2400,16.7073,10.4720,-11.8287,-0.0030,0.0000,10.8825,19.0633,87.7687,0.9277,16.0000,0.7095,1.0000
7.2500,-11.4620,-15.4202,-13.5247,-0.0014,0.0000,10.7682,19.0575,87.8418,0.9282,16.0000,0.7085,1.0000
7.2600,-1.5917,10.7883,0.7973,0.0001,0.0000,11.0184,19.0517,87.9150,0.9287,16.0000,0.7076,1.0000
7.2700,12.3735,-0.6790,-16.9123,-0.0032,0.0000,11.2686,19.0460,87.9881,0.9293,16.0000,0.7067,1.0000
7.2800,-16.4815,-8.3506,-6.9830,-0.0066,0.0000,11.5189,19.0402,88.0612,0.9298,16.0000,0.7057,1.0000
7.2900,11.3160,14.5015,-5.0028,-0.0035,0.0000,11.7691,19.0344,88.1343,0.9294,16.0000,0.7048,1.0000
7.3000,-0.7457,-10.8548,-17.5042,-0.0004,0.0000,12.0194,19.0286,88.2074,0.9290,16.0000,0.7038,1.0000
7.3100,-9.4607,2.2826,-1.8397,0.0017,0.0000,11.9484,19.0342,88.0713,0.9287,16.0000,0.7029,1.0000
7.3200,16.9998,7.4447,-13.2434,0.0038,0.0000,11.8774,19.0398,87.9352,0.9283,16.0000,0.7020,1.0000
7.3300,-13.8443,-12.5625,-12.8243,0.0021,0.0000,11.8064,19.0453,87.7991,0.9277,16.0000,0.7010,1.0000
7.3400,5.5100,12.9818,-2.1126,0.0003,0.0000,11.7354,19.0509,87.6630,0.9270,16.0000,0.7001,1.0000
7.3500,7.7486,-6.1194,-19.0387,0.0019,0.0000,11.6644,19.0564,87.5269,0.9263,16.0000,0.6991,1.0000
7.3600,-16.2113,-5.6588,-3.5431,0.0034,0.0000,11.6538,19.0620,87.3909,0.9257,16.0000,0.6982,1.0000
7.3700,15.7604,12.3257,-9.4500,0.0016,0.0000,11.6431,19.0675,87.2548,0.9233,16.0000,0.6973,1.0000
7.3800,-6.3345,-13.5191,-15.8919,-0.0003,0.0000,11.6325,19.0731,87.1187,0.9209,16.0000,0.6963,1.0000
7.3900,-6.1211,8.7249,0.2464,-0.0026,0.0000,11.6219,19.0786,86.9826,0.9185,16.0000,0.6954,1.0000
7.4000,15.0964,3.3950,-17.2043,-0.0050,0.0000,11.6113,19.0842,86.8465,0.9161,16.0000,0.6944,1.0000
7.4100,-16.7886,-10.5696,-9.3401,-0.0032,0.0000,11.7584,19.0856,86.7864,0.9159,16.0000,0.6940,1.0000
7.4200,9.2396,14.0817,-3.4340,-0.0014,0.0000,11.9056,19.0870,86.7262,0.9156,16.0000,0.6935,1.0000
7.4300,2.8312,-8.8542,-17.7199,-0.0007,0.0000,12.0527,19.0884,86.6661,0.9154,16.0000,0.6930,1.0000
7.4400,-13.4628,0.4292,-0.1007,0.0001,0.0000,12.1999,19.0898,86.6060,0.9151,16.0000,0.6925,1.0000
7.4500,17.5032,9.7299,-11.7640,-0.0013,0.0000,12.3470,19.0912,86.5458,0.9164,16.0000,0.6920,1.0000
7.4600,-10.7278,-14.9927,-14.6428,-0.0026,0.0000,12.3502,19.0926,86.4857,0.9177,16.0000,0.6915,1.0000
7.4700,-1.3711,10.0686,0.0261,-0.0014,0.0000,12.3533,19.0940,86.4256,0.9190,16.0000,0.6910,1.0000
7.4800,11.8632,-2.0694,-17.5390,-0.0001,0.0000,12.3564,19.0953,86.3655,0.9203,16.0000,0.6905,1.0000
7.4900,-16.0388,-8.0551,-4.9392,-0.0004,0.0000,12.3595,19.0967,86.3053,0.9165,16.0000,0.6900,1.0000
7.5000,13.3809,13.4634,-6.3340,-0.0006,0.0000,12.3626,19.0981,86.2452,0.9127,16.0000,0.6895,1.0000
7.5100,-3.1253,-12.6579,-17.2478,0.0009,0.0000,12.4800,19.1021,86.1515,0.9089,16.0000,0.6891,1.0000
7.5200,-10.7682,3.7844,-0.4746,0.0024,0.0000,12.5974,19.1061,86.0577,0.9051,16.0000,0.6886,1.0000
7.5300,17.4349,6.6196,-12.7150,0.0008,0.0000,12.7148,19.1101,85.9640,0.9081,16.0000,0.6881,1.0000
7.5400,-14.1825,-13.4014,-10.7238,-0.0008,0.0000,12.8322,19.1140,85.8702,0.9112,16.0000,0.6876,1.0000
7.5500,6.6797,14.6670,-2.4498,0.0001,0.0000,12.9496,19.1180,85.7765,0.9143,16.0000,0.6871,1.0000
7.5600,6.5973,-6.6085,-19.4435,0.0009,0.0000,12.8523,19.1220,85.6827,0.9174,16.0000,0.6866,1.0000
7.5700,-15.8207,-2.8203,-3.4763,0.0005,0.0000,12.7550,19.1260,85.5890,0.9138,16.0000,0.6861,1.0000
7.5800,16.1187,12.7918,-7.9668,0.0000,0.0000,12.6577,19.1299,85.4953,0.9102,16.0000,0.6856,1.0000
7.5900,-8.2438,-13.9486,-16.3282,-0.0003,0.0000,12.5604,19.1339,85.4015,0.9066,16.0000,0.6851,1.0000
7.6000,-4.6188,8.9948,-0.0072,-0.0006,0.0000,12.4630,19.1379,85.3078,0.9030,16.0000,0.6846,1.0000
7.6100,14.3381,1.3123,-15.6306,0.0016,0.0000,12.5626,19.1379,85.2206,0.9026,16.0000,0.6859,1.0000
7.6200,-17.1442,-11.5646,-8.4935,0.0038,0.0000,12.6622,19.1379,85.1335,0.9023,16.0000,0.6872,1.0000
7.6300,9.9037,13.5099,-3.9547,0.0012,0.0000,12.7618,19.1380,85.0464,0.9019,16.0000,0.6884,1.0000
7.6400,1.7250,-9.5702,-18.0360,-0.0014,0.0000,12.8614,19.1380,84.9592,0.9015,16.0000,0.6897,1.0000
7.6500,-13.2313,0.4415,-0.5287,-0.0014,0.0000,12.9610,19.1380,84.8721,0.9024,16.0000,0.6910,1.0000
7.6600,16.3732,10.2474,-11.0109,-0.0015,0.0000,13.0001,19.1380,84.7850,0.9033,16.0000,0.6922,1.0000
7.6700,-11.8296,-13.9543,-13.9718,-0.0002,0.0000,13.0392,19.1380,84.6978,0.9042,16.0000,0.6935,1.0000
7.6800,0.8275,12.3219,1.2091,0.0011,0.0000,13.0783,19.1381,84.6107,0.9050,16.0000,0.6947,1.0000
7.6900,11.4602,-3.3127,-17.2948,0.0018,0.0000,13.1174,19.1381,84.5236,0.9072,16.0000,0.6960,1.0000
7.7000,-17.5738,-7.5950,-5.2485,0.0025,0.0000,13.1565,19.1381,84.4364,0.9094,16.0000,0.6973,1.0000
7.7100,13.7574,14.7159,-6.6394,0.0009,0.0000,13.2834,19.1363,84.5139,0.9116,16.0000,0.6985,1.0000
7.7200,-2.7004,-11.5497,-16.6374,-0.0008,0.0000,13.4102,19.1346,84.5913,0.9138,16.0000,0.6998,1.0000
7.7300,-9.2498,4.3564,0.9107,-0.0001,0.0000,13.5371,19.1328,84.6688,0.9132,16.0000,0.7010,1.0000
7.7400,16.7015,5.4181,-14.6223,0.0006,0.0000,13.6639,19.1310,84.7462,0.9126,16.0000,0.7023,1.0000
7.7500,-15.0120,-13.0005,-9.9780,0.0023,0.0000,13.7908,19.1292,84.8237,0.9120,16.0000,0.7036,1.0000
7.7600,5.1177,13.3325,-0.8799,0.0039,0.0000,13.7662,19.1274,84.9012,0.9114,16.0000,0.7048,1.0000
7.7700,7.1409,-6.3381,-20.0195,0.0015,0.0000,13.7417,19.1256,84.9786,0.9094,16.0000,0.7061,1.0000
7.7800,-16.3835,-4.6128,-2.2460,-0.0010,0.0000,13.7171,19.1239,85.0561,0.9074,16.0000,0.7074,1.0000
7.7900,15.1476,12.1169,-6.9617,-0.0003,0.0000,13.6925,19.1221,85.1335,0.9054,16.0000,0.7086,1.0000
7.8000,-7.9884,-14.0849,-13.6791,0.0005,0.0000,13.6680,19.1203,85.2110,0.9035,16.0000,0.7099,1.0000
7.8100,-5.0744,8.5723,1.0158,0.0025,0.0000,13.7489,19.1322,84.8976,0.8995,16.0000,0.7094,1.0000
7.8200,14.5495,2.0035,-16.5086,0.0046,0.0000,13.8299,19.1441,84.5842,0.8956,16.0000,0.7089,1.0000
7.8300,-16.4172,-10.1395,-7.6457,0.0019,0.0000,13.9108,19.1559,84.2709,0.8917,16.0000,0.7084,1.0000
7.8400,11.1251,15.0225,-2.4782,-0.0008,0.0000,13.9918,19.1678,83.9575,0.8877,16.0000,0.7080,1.0000
7.8500,2.2411,-10.5682,-17.7958,0.0009,0.0000,14.0727,19.1797,83.6441,0.8904,16.0000,0.7075,1.0000
7.8600,-13.3502,0.4861,-1.4035,0.0025,0.0000,14.0884,19.1916,83.3308,0.8932,16.0000,0.7070,1.0000
7.8700,16.7992,9.9102,-11.6412,0.0013,0.0000,14.1040,19.2035,83.0174,0.8959,16.0000,0.7065,1.0000
7.8800,-12.0207,-15.0241,-13.5386,0.0001,0.0000,14.1196,19.2153,82.7040,0.8986,16.0000,0.7060,1.0000
7.8900,0.2419,10.5050,-0.2479,0.0004,0.0000,14.1353,19.2272,82.3907,0.8959,16.0000,0.7056,1.0000
7.9000,10.7105,-2.7114,-16.9778,0.0008,0.0000,14.1509,19.2391,82.0773,0.8933,16.0000,0.7051,1.0000
7.9100,-17.5910,-7.5494,-5.7548,0.0003,0.0000,14.2173,19.2441,81.9719,0.8907,16.0000,0.7046,1.0000
7.9200,13.3777,14.8195,-3.8057,-0.0002,0.0000,14.2837,19.2491,81.8665,0.8880,16.0000,0.7041,1.0000
7.9300,-3.2309,-11.2355,-16.1591,-0.0013,0.0000,14.3501,19.2542,81.7611,0.8887,16.0000,0.7036,1.0000
7.9400,-8.6183,4.9314,2.1345,-0.0025,0.0000,14.4164,19.2592,81.6557,0.8893,16.0000,0.7031,1.0000
7.9500,17.0585,7.2309,-13.9377,-0.0013,0.0000,14.4828,19.2642,81.5503,0.8900,16.0000,0.7027,1.0000
7.9600,-14.5131,-13.0478,-9.6822,-0.0002,0.0000,14.5621,19.2692,81.4449,0.8906,16.0000,0.7022,1.0000
7.9700,4.6996,13.3200,-1.7450,-0.0005,0.0000,14.6413,19.2742,81.3395,0.8868,16.0000,0.7017,1.0000
7.9800,7.8810,-5.8985,-17.6516,-0.0008,0.0000,14.7206,19.2792,81.2341,0.8830,16.0000,0.7012,1.0000
7.9900,-14.9672,-3.3546,-1.8885,-0.0003,0.0000,14.7999,19.2843,81.1287,0.8792,16.0000,0.7007,1.0000
8.0000,17.7264,13.4652,-9.6221,0.0002,0.0000,14.8791,19.2893,81.0233,0.8754,16.0000,0.7003,1.0000
8.0100,-7.1485,-14.3890,-16.5683,-0.0009,0.0000,14.9452,19.2922,80.8287,0.8765,16.0000,0.7016,1.0000
8.0200,-5.7960,7.5367,-0.0902,-0.0019,0.0000,15.0112,19.2950,80.6341,0.8776,16.0000,0.7030,1.0000
8.0300,13.5364,2.2231,-14.3623,0.0013,0.0000,15.0773,19.2979,80.4395,0.8786,16.0000,0.7044,1.0000
8.0400,-16.6252,-10.8176,-6.6700,0.0045,0.0000,15.1434,19.3008,80.2449,0.8797,16.0000,0.7058,1.0000
8.0500,9.2617,14.7607,-2.7703,0.0026,0.0000,15.2095,19.3037,80.0502,0.8786,16.0000,0.7072,1.0000
8.0600,1.8156,-9.2327,-18.2447,0.0007,0.0000,15.1397,19.3066,79.8556,0.8775,16.0000,0.7085,1.0000
8.0700,-13.0902,0.2876,0.3100,0.0022,0.0000,15.0700,19.3094,79.6610,0.8764,16.0000,0.7099,1.0000
8.0800,17.3646,10.9233,-11.2568,0.0037,0.0000,15.0003,19.3123,79.4664,0.8752,16.0000,0.7113,1.0000
8.0900,-11.5633,-13.7925,-12.1262,0.0019,0.0000,14.9306,19.3152,79.2718,0.8742,16.0000,0.7127,1.0000
8.1000,0.0680,11.2131,-1.2347,0.0001,0.0000,14.8609,19.3181,79.0772,0.8732,16.0000,0.7140,1.0000
8.1100,12.6986,-1.3733,-15.7969,0.0007,0.0000,14.8937,19.3164,79.1618,0.8721,16.0000,0.7154,1.0000
8.1200,-15.6879,-8.5188,-6.2226,0.0013,0.0000,14.9264,19.3146,79.2464,0.8711,16.0000,0.7168,1.0000
8.1300,13.1032,13.6381,-4.4656,0.0019,0.0000,14.9591,19.3129,79.3310,0.8684,16.0000,0.7182,1.0000
8.1400,-2.1423,-12.1052,-16.9794,0.0025,0.0000,14.9918,19.3112,79.4155,0.8656,16.0000,0.7196,1.0000
8.1500,-11.0267,2.8711,0.0532,0.0025,0.0000,15.0245,19.3094,79.5001,0.8629,16.0000,0.7209,1.0000
8.1600,16.5391,7.3980,-13.3172,0.0026,0.0000,15.1365,19.3077,79.5847,0.8602,16.0000,0.7223,1.0000
8.1700,-13.7143,-14.4440,-11.1488,0.0031,0.0000,15.2484,19.3060,79.6693,0.8602,16.0000,0.7237,1.0000
8.1800,3.6796,13.4028,-2.6845,0.0036,0.0000,15.3604,19.3042,79.7539,0.8602,16.0000,0.7251,1.0000
8.1900,8.3412,-4.6599,-17.8640,0.0016,0.0000,15.4723,19.3025,79.8385,0.8603,16.0000,0.7264,1.0000
8.2000,-16.2392,-3.6344,-2.9478,-0.0003,0.0000,15.5843,19.3008,79.9231,0.8603,16.0000,0.7278,1.0000
8.2100,16.5141,12.8925,-7.6683,0.0029,0.0000,15.6764,19.3036,79.8278,0.8577,16.0000,0.7271,1.0000
8.2200,-5.3185,-13.1500,-15.1050,0.0062,0.0000,15.7685,19.3064,79.7324,0.8550,16.0000,0.7264,1.0000
8.2300,-5.9655,7.4403,1.8129,0.0004,0.0000,15.8606,19.3092,79.6370,0.8523,16.0000,0.7257,1.0000
8.2400,15.4912,3.5646,-16.5817,-0.0054,0.0000,15.9527,19.3121,79.5417,0.8497,16.0000,0.7250,1.0000
8.2500,-16.2993,-12.1862,-7.8416,-0.0005,0.0000,16.0448,19.3149,79.4463,0.8509,16.0000,0.7243,1.0000
8.2600,8.3453,14.0706,-1.8486,0.0045,0.0000,16.0607,19.3177,79.3510,0.8521,16.0000,0.7236,1.0000
8.2700,4.8840,-8.2427,-17.0448,0.0020,0.0000,16.0767,19.3205,79.2556,0.8534,16.0000,0.7229,1.0000
8.2800,-14.9112,-1.1552,-0.7921,-0.0004,0.0000,16.0927,19.3233,79.1602,0.8546,16.0000,0.7222,1.0000
8.2900,15.8144,10.2374,-8.9239,0.0010,0.0000,16.1087,19.3261,79.0649,0.8530,16.0000,0.7216,1.0000
8.3000,-10.7061,-14.3751,-13.5456,0.0024,0.0000,16.1247,19.3290,78.9695,0.8514,16.0000,0.7209,1.0000
8.3100,-1.8891,9.2455,0.6919,0.0009,0.0000,16.1992,19.3559,78.3666,0.8497,16.0000,0.7202,1.0000
8.3200,13.7971,0.7196,-15.5711,-0.0005,0.0000,16.2736,19.3828,77.7636,0.8481,16.0000,0.7195,1.0000
8.3300,-17.1223,-9.5942,-4.2727,-0.0006,0.0000,16.3481,19.4097,77.1606,0.8429,16.0000,0.7188,1.0000
8.3400,12.0524,14.1357,-3.9872,-0.0006,0.0000,16.4226,19.4366,76.5577,0.8377,16.0000,0.7181,1.0000
8.3500,0.3683,-10.9857,-17.1535,0.0005,0.0000,16.4971,19.4635,75.9547,0.8325,16.0000,0.7174,1.0000
8.3600,-11.6432,2.8296,0.8875,0.0016,0.0000,16.5409,19.4904,75.3518,0.8273,16.0000,0.7167,1.0000
8.3700,17.1062,8.5734,-13.1549,0.0028,0.0000,16.5847,19.5173,74.7488,0.8268,16.0000,0.7160,1.0000
8.3800,-13.0098,-15.0290,-12.9324,0.0039,0.0000,16.6285,19.5442,74.1459,0.8264,16.0000,0.7153,1.0000
8.3900,1.3340,12.1199,-1.8397,0.0039,0.0000,16.6723,19.5711,73.5429,0.8260,16.0000,0.7146,1.0000
8.4000,10.0561,-4.4215,-17.0862,0.0039,0.0000,16.7160,19.5980,72.9400,0.8255,16.0000,0.7139,1.0000
8.4100,-17.3401,-7.4046,-2.9900,0.0021,0.0000,16.7397,19.5990,72.8637,0.8265,16.0000,0.7145,1.0000
8.4200,14.1488,12.9431,-5.9695,0.0003,0.0000,16.7634,19.5999,72.7874,0.8274,16.0000,0.7151,1.0000
8.4300,-4.4367,-13.5447,-14.9872,0.0011,0.0000,16.7871,19.6009,72.7112,0.8284,16.0000,0.7157,1.0000
8.4400,-8.5205,5.4896,1.4032,0.0019,0.0000,16.8107,19.6019,72.6349,0.8294,16.0000,0.7164,1.0000
8.4500,16.3772,5.0901,-13.6626,0.0002,0.0000,16.8344,19.6029,72.5586,0.8272,16.0000,0.7170,1.0000
8.4600,-15.6300,-13.3086,-9.8597,-0.0014,0.0000,16.8972,19.6039,72.4824,0.8251,16.0000,0.7176,1.0000
8.4700,5.6015,13.5646,-1.5544,0.0007,0.0000,16.9600,19.6049,72.4061,0.8230,16.0000,0.7182,1.0000
8.4800,6.0705,-6.0376,-16.6811,0.0028,0.0000,17.0228,19.6058,72.3298,0.8208,16.0000,0.7188,1.0000
8.4900,-15.2640,-3.5870,-1.6745,0.0014,0.0000,17.0856,19.6068,72.2536,0.8192,16.0000,0.7194,1.0000
8.5000,17.0186,11.5194,-8.2446,-0.0001,0.0000,17.1484,19.6078,72.1773,0.8175,16.0000,0.7201,1.0000
8.5100,-6.2438,-14.2615,-14.2386,0.0004,0.0000,17.1575,19.6046,72.2464,0.8158,16.0000,0.7207,1.0000
8.5200,-5.1137,8.0717,1.6414,0.0008,0.0000,17.1665,19.6015,72.3156,0.8142,16.0000,0.7213,1.0000
8.5300,14.1736,2.0927,-14.1137,0.0004,0.0000,17.1756,19.5983,72.3847,0.8121,16.0000,0.7219,1.0000
8.5400,-17.0535,-11.4953,-6.9272,0.0001,0.0000,17.1847,19.5952,72.4539,0.8100,16.0000,0.7225,1.0000
8.5500,10.1440,14.2907,-1.3964,-0.0012,0.0000,17.1937,19.5920,72.5230,0.8079,16.0000,0.7231,1.0000
8.5600,2.0989,-10.9363,-16.5317,-0.0025,0.0000,17.2409,19.5889,72.5922,0.8058,16.0000,0.7238,1.0000
8.5700,-13.6270,-0.8693,-0.3280,0.0008,0.0000,17.2880,19.5857,72.6613,0.8073,16.0000,0.7244,1.0000
8.5800,15.9992,9.2363,-8.3250,0.0041,0.0000,17.3352,19.5825,72.7305,0.8088,16.0000,0.7250,1.0000
8.5900,-11.2791,-14.6231,-11.7770,0.0024,0.0000,17.3823,19.5794,72.7996,0.8103,16.0000,0.7256,1.0000
8.6000,-0.7472,12.0995,1.8168,0.0008,0.0000,17.4295,19.5762,72.8688,0.8117,16.0000,0.7262,1.0000
8.6100,12.1129,-0.3559,-16.6337,0.0009,0.0000,17.3682,19.5971,72.3913,0.8099,16.0000,0.7259,1.0000
8.6200,-16.9646,-8.7140,-5.5233,0.0011,0.0000,17.3069,19.6180,71.9138,0.8081,16.0000,0.7256,1.0000
8.6300,11.9186,14.1506,-3.8426,0.0009,0.0000,17.2456,19.6389,71.4364,0.8063,16.0000,0.7253,1.0000
8.6400,-0.0857,-11.2562,-18.0571,0.0007,0.0000,17.1844,19.6598,70.9589,0.8045,16.0000,0.7250,1.0000
8.6500,-10.4306,3.1829,0.6294,0.0001,0.0000,17.1231,19.6807,70.4814,0.7999,16.0000,0.7248,1.0000
8.6600,16.8820,6.6116,-12.1271,-0.0006,0.0000,17.2532,19.7016,70.0039,0.7954,16.0000,0.7245,1.0000
8.6700,-13.3766,-13.9888,-10.2133,-0.0005,0.0000,17.3833,19.7225,69.5265,0.7908,16.0000,0.7242,1.0000
8.6800,3.3302,11.5711,-0.3454,-0.0004,0.0000,17.5135,19.7434,69.0490,0.7862,16.0000,0.7239,1.0000
8.6900,9.1924,-4.7942,-15.4344,-0.0016,0.0000,17.6436,19.7643,68.5715,0.7846,16.0000,0.7236,1.0000
8.7000,-17.4082,-6.2696,-1.6177,-0.0027,0.0000,17.7737,19.7852,68.0940,0.7829,16.0000,0.7233,1.0000
8.7100,14.5160,12.8956,-4.5950,-0.0019,0.0000,17.7506,19.7906,67.9455,0.7812,16.0000,0.7230,1.0000
8.7200,-4.1295,-13.4447,-16.5264,-0.0011,0.0000,17.7275,19.7960,67.7970,0.7795,16.0000,0.7227,1.0000
8.7300,-8.0702,5.5292,1.5603,-0.0032,0.0000,17.7044,19.8014,67.6485,0.7781,16.0000,0.7224,1.0000
8.7400,16.0981,4.8544,-13.3326,-0.0052,0.0000,17.6813,19.8068,67.5000,0.7767,16.0000,0.7221,1.0000
8.7500,-15.8540,-12.4357,-9.7634,-0.0017,0.0000,17.6583,19.8123,67.3515,0.7753,16.0000,0.7218,1.0000
8.7600,7.2044,13.0473,-1.2749,0.0018,0.0000,17.7336,19.8177,67.2030,0.7739,16.0000,0.7215,1.0000
8.7700,6.8159,-7.1855,-17.7186,-0.0005,0.0000,17.8089,19.8231,67.0545,0.7721,16.0000,0.7212,1.0000
8.7800,-14.7747,-2.8932,-1.7031,-0.0028,0.0000,17.8842,19.8285,66.9060,0.7704,16.0000,0.7209,1.0000
8.7900,15.6326,11.3831,-8.0859,-0.0032,0.0000,17.9596,19.8339,66.7575,0.7686,16.0000,0.7206,1.0000
8.8000,-8.5135,-16.0694,-13.7939,-0.0035,0.0000,18.0349,19.8393,66.6090,0.7669,16.0000,0.7203,1.0000
8.8100,-4.2193,9.4145,1.7356,-0.0017,0.0000,18.0374,19.8469,66.4239,0.7646,16.0000,0.7201,1.0000
8.8200,13.2481,1.4701,-15.3024,0.0001,0.0000,18.0398,19.8544,66.2387,0.7623,16.0000,0.7199,1.0000
8.8300,-17.3903,-11.2328,-6.1289,0.0007,0.0000,18.0423,19.8619,66.0536,0.7601,16.0000,0.7197,1.0000
8.8400,9.3096,13.4396,-2.4597,0.0012,0.0000,18.0448,19.8695,65.8685,0.7578,16.0000,0.7195,1.0000
8.8500,2.2314,-9.7057,-15.4976,0.0024,0.0000,18.0472,19.8770,65.6834,0.7542,16.0000,0.7192,1.0000
8.8600,-12.9536,0.2401,0.7801,0.0035,0.0000,18.0558,19.8846,65.4982,0.7506,16.0000,0.7190,1.0000
8.8700,16.6860,9.5396,-11.7329,0.0009,0.0000,18.0644,19.8921,65.3131,0.7470,16.0000,0.7188,1.0000
8.8800,-10.5147,-14.0018,-12.0489,-0.0017,0.0000,18.0730,19.8997,65.1280,0.7435,16.0000,0.7186,1.0000
8.8900,0.1674,10.8811,0.4881,0.0003,0.0000,18.0817,19.9072,64.9428,0.7447,16.0000,0.7183,1.0000
8.9000,13.1515,-1.0622,-16.5415,0.0023,0.0000,18.0903,19.9148,64.7577,0.7460,16.0000,0.7181,1.0000
8.9100,-17.0735,-8.6258,-4.4613,0.0016,0.0000,18.1031,19.9250,64.4655,0.7473,16.0000,0.7179,1.0000
8.9200,12.3135,13.6035,-3.1461,0.0008,0.0000,18.1160,19.9352,64.1733,0.7486,16.0000,0.7177,1.0000
8.9300,-1.0286,-12.3113,-15.9240,0.0001,0.0000,18.1288,19.9455,63.8810,0.7454,16.0000,0.7174,1.0000
8.9400,-11.8012,1.3890,-0.0552,-0.0006,0.0000,18.1417,19.9557,63.5888,0.7421,16.0000,0.7172,1.0000
8.9500,15.9577,7.2639,-11.8566,-0.0002,0.0000,18.1546,19.9659,63.2966,0.7388,16.0000,0.7170,1.0000
8.9600,-13.4117,-14.3845,-10.0236,0.0002,0.0000,18.2258,19.9762,63.0044,0.7356,16.0000,0.7168,1.0000
8.9700,1.7642,12.5361,1.5173,-0.0005,0.0000,18.2970,19.9864,62.7121,0.7326,16.0000,0.7165,1.0000
8.9800,8.9210,-3.5952,-16.6166,-0.0011,0.0000,18.3682,19.9966,62.4199,0.7295,16.0000,0.7163,1.0000
8.9900,-16.4822,-6.1587,-3.2662,-0.0009,0.0000,18.4395,20.0069,62.1277,0.7265,16.0000,0.7161,1.0000
9.0000,14.5251,12.8206,-3.9227,-0.0006,0.0000,18.5107,20.0171,61.8355,0.7235,16.0000,0.7159,1.0000
9.0100,-3.9070,-13.5891,-14.2688,0.0011,0.0000,18.5946,20.0253,61.6128,0.7226,16.0000,0.7173,1.0000
9.0200,-8.3558,5.7204,0.6579,0.0029,0.0000,18.6784,20.0336,61.3901,0.7218,16.0000,0.7187,1.0000
9.0300,16.2263,4.9662,-13.0405,0.0010,0.0000,18.7623,20.0418,61.1675,0.7210,16.0000,0.7202,1.0000
9.0400,-15.3047,-12.8779,-8.7467,-0.0010,0.0000,18.8462,20.0501,60.9448,0.7202,16.0000,0.7216,1.0000
9.0500,7.5003,13.9063,-0.9919,0.0025,0.0000,18.9300,20.0583,60.7222,0.7191,16.0000,0.7231,1.0000
9.0600,7.2757,-7.1926,-18.4990,0.0061,0.0000,18.9206,20.0666,60.4995,0.7179,16.0000,0.7245,1.0000
9.0700,-14.9553,-3.8021,-0.6670,0.0053,0.0000,18.9112,20.0748,60.2769,0.7168,16.0000,0.7259,1.0000
9.0800,15.5448,11.9671,-6.9870,0.0044,0.0000,18.9018,20.0831,60.0542,0.7157,16.0000,0.7274,1.0000
9.0900,-7.2970,-14.3762,-13.7707,0.0030,0.0000,18.8924,20.0913,59.8316,0.7135,16.0000,0.7288,1.0000
9.1000,-5.9654,7.2555,2.0672,0.0016,0.0000,18.8830,20.0996,59.6089,0.7113,16.0000,0.7303,1.0000
9.1100,16.1153,2.6476,-13.4868,-0.0007,0.0000,18.8821,20.1165,59.2858,0.7092,16.0000,0.7317,1.0000
9.1200,-16.0873,-11.2237,-6.6090,-0.0031,0.0000,18.8813,20.1334,58.9627,0.7070,16.0000,0.7331,1.0000
9.1300,7.5975,14.7387,-1.6528,-0.0023,0.0000,18.8804,20.1503,58.6396,0.7078,16.0000,0.7346,1.0000
9.1400,3.5867,-9.6346,-16.1955,-0.0015,0.0000,18.8796,20.1672,58.3166,0.7085,16.0000,0.7360,1.0000
9.1500,-15.0707,-0.0915,-0.6684,-0.0013,0.0000,18.8787,20.1841,57.9935,0.7093,16.0000,0.7374,1.0000
9.1600,17.1796,10.4468,-7.8290,-0.0011,0.0000,18.9422,20.2009,57.6704,0.7101,16.0000,0.7389,1.0000
9.1700,-9.0542,-14.7197,-13.9442,-0.0003,0.0000,19.0056,20.2178,57.3473,0.7024,16.0000,0.7403,1.0000
9.1800,-2.0263,9.6544,1.6072,0.0004,0.0000,19.0691,20.2347,57.0242,0.6947,16.0000,0.7418,1.0000
9.1900,13.1362,0.1385,-14.5810,0.0001,0.0000,19.1325,20.2516,56.7011,0.6870,16.0000,0.7432,1.0000
9.2000,-17.5386,-10.5112,-5.5537,-0.0002,0.0000,19.1960,20.2685,56.3780,0.6794,16.0000,0.7446,1.0000
9.2100,11.6950,14.5890,-2.6062,-0.0006,0.0000,19.1545,20.2862,55.9094,0.6794,16.0000,0.7456,1.0000
9.2200,0.9250,-10.9617,-16.2521,-0.0011,0.0000,19.1130,20.3039,55.4408,0.6795,16.0000,0.7466,1.0000
9.2300,-12.3083,0.2697,-0.7860,-0.0004,0.0000,19.0715,20.3216,54.9722,0.6796,16.0000,0.7476,1.0000
9.2400,15.9884,8.4660,-11.0168,0.0002,0.0000,19.0300,20.3392,54.5036,0.6797,16.0000,0.7485,1.0000
9.2500,-12.2250,-15.3130,-11.5509,0.0011,0.0000,18.9885,20.3569,54.0350,0.6753,16.0000,0.7495,1.0000
9.2600,0.1697,11.8550,1.9228,0.0019,0.0000,19.0357,20.3746,53.5664,0.6708,16.0000,0.7505,1.0000
9.2700,11.5043,-2.7552,-13.9867,0.0030,0.0000,19.0829,20.3923,53.0978,0.6664,16.0000,0.7515,1.0000
9.2800,-17.5491,-7.9508,-2.1293,0.0041,0.0000,19.1301,20.4100,52.6292,0.6620,16.0000,0.7525,1.0000
9.2900,13.2126,13.7800,-5.4048,0.0029,0.0000,19.1773,20.4277,52.1606,0.6595,16.0000,0.7534,1.0000
9.3000,-2.1442,-13.0431,-15.1566,0.0017,0.0000,19.2245,20.4454,51.6920,0.6571,16.0000,0.7544,1.0000
9.3100,-8.8554,4.0801,2.3980,0.0018,0.0000,19.1723,20.4349,51.9027,0.6546,16.0000,0.7554,1.0000
9.3200,16.5419,7.7402,-11.0906,0.0018,0.0000,19.1200,20.4245,52.1134,0.6521,16.0000,0.7564,1.0000
9.3300,-13.4632,-13.8536,-8.5919,0.0027,0.0000,19.0677,20.4140,52.3242,0.6523,16.0000,0.7574,1.0000
9.3400,3.7533,13.0597,-0.7892,0.0035,0.0000,19.0154,20.4036,52.5349,0.6524,16.0000,0.7583,1.0000
9.3500,8.0523,-4.7289,-15.2658,0.0013,0.0000,18.9631,20.3931,52.7456,0.6526,16.0000,0.7593,1.0000
9.3600,-17.0257,-5.7337,-1.4411,-0.0008,0.0000,19.0578,20.3827,52.9564,0.6528,16.0000,0.7603,1.0000
9.3700,14.8459,13.9867,-4.3679,-0.0000,0.0000,19.1525,20.3722,53.1671,0.6523,16.0000,0.7613,1.0000
9.3800,-4.3665,-13.3338,-13.7496,0.0008,0.0000,19.2472,20.3618,53.3778,0.6519,16.0000,0.7622,1.0000
9.3900,-7.1409,6.4852,3.5079,0.0009,0.0000,19.3419,20.3513,53.5886,0.6515,16.0000,0.7632,1.0000
9.4000,14.8621,4.1244,-13.2385,0.0009,0.0000,19.4366,20.3409,53.7993,0.6510,16.0000,0.7642,1.0000
9.4100,-15.4296,-12.4700,-8.0302,-0.0008,0.0000,19.5200,20.3566,53.3813,0.6458,16.0000,0.7616,1.0000
9.4200,6.3603,13.7406,0.8485,-0.0024,0.0000,19.6034,20.3724,52.9633,0.6405,16.0000,0.7591,1.0000
9.4300,6.0477,-6.9759,-16.1961,-0.0010,0.0000,19.6869,20.3881,52.5454,0.6352,16.0000,0.7565,1.0000
9.4400,-15.3536,-2.8368,-1.3611,0.0005,0.0000,19.7703,20.4038,52.1274,0.6300,16.0000,0.7540,1.0000
9.4500,16.5147,12.6697,-8.5120,0.0006,0.0000,19.8537,20.4196,51.7094,0.6279,16.0000,0.7514,1.0000
9.4600,-7.5839,-14.7590,-13.1715,0.0008,0.0000,19.7821,20.4353,51.2914,0.6258,16.0000,0.7489,1.0000
9.4700,-4.7987,8.1783,2.4289,-0.0004,0.0000,19.7106,20.4510,50.8734,0.6237,16.0000,0.7463,1.0000
9.4800,14.8494,1.9472,-13.7399,-0.0016,0.0000,19.6390,20.4667,50.4554,0.6216,16.0000,0.7437,1.0000
9.4900,-16.3859,-11.3527,-7.0251,0.0009,0.0000,19.5674,20.4825,50.0375,0.6225,16.0000,0.7412,1.0000
9.5000,9.2959,13.8358,-0.9451,0.0034,0.0000,19.4958,20.4982,49.6195,0.6234,16.0000,0.7386,1.0000
9.5100,3.8718,-10.2200,-16.9547,0.0013,0.0000,19.5720,20.5121,49.3471,0.6243,16.0000,0.7361,1.0000
9.5200,-15.5533,-0.3152,0.4980,-0.0008,0.0000,19.6481,20.5260,49.0748,0.6252,16.0000,0.7335,1.0000
9.5300,15.8776,11.1633,-8.9834,-0.0005,0.0000,19.7242,20.5399,48.8024,0.6207,16.0000,0.7309,1.0000
9.5400,-9.5119,-13.4307,-11.5815,-0.0002,0.0000,19.8003,20.5538,48.5300,0.6162,16.0000,0.7284,1.0000
9.5500,-1.2130,11.0537,1.5339,0.0005,0.0000,19.8764,20.5677,48.2577,0.6117,16.0000,0.7258,1.0000
9.5600,12.9549,0.8646,-15.5867,0.0011,0.0000,19.8569,20.5816,47.9853,0.6072,16.0000,0.7233,1.0000
9.5700,-16.4029,-9.2203,-4.3519,-0.0002,0.0000,19.8374,20.5955,47.7130,0.6045,16.0000,0.7207,1.0000
9.5800,11.4481,14.8553,-3.0372,-0.0016,0.0000,19.8179,20.6094,47.4406,0.6019,16.0000,0.7182,1.0000
9.5900,1.0717,-10.2862,-17.2555,-0.0016,0.0000,19.7983,20.6233,47.1682,0.5993,16.0000,0.7156,1.0000
9.6000,-11.9805,1.9263,0.3643,-0.0016,0.0000,19.7788,20.6372,46.8959,0.5966,16.0000,0.7130,1.0000
9.6100,17.5181,9.3263,-10.8911,0.0014,0.0000,19.8271,20.6501,46.5238,0.5931,16.0000,0.7140,1.0000
9.6200,-12.7390,-14.5179,-10.2638,0.0045,0.0000,19.8755,20.6631,46.1517,0.5895,16.0000,0.7149,1.0000
9.6300,1.1229,10.9272,3.3443,0.0000,0.0000,19.9238,20.6760,45.7796,0.5859,16.0000,0.7158,1.0000
9.6400,10.3395,-3.1339,-14.0590,-0.0045,0.0000,19.9721,20.6890,45.4075,0.5824,16.0000,0.7168,1.0000
9.6500,-16.3623,-7.0382,-3.5543,-0.0015,0.0000,20.0205,20.7019,45.0354,0.5793,16.0000,0.7177,1.0000
9.6600,13.8397,13.4017,-2.5140,0.0015,0.0000,20.0345,20.7149,44.6633,0.5763,16.0000,0.7186,1.0000
9.6700,-2.0877,-11.9417,-15.5848,0.0011,0.0000,20.0486,20.7278,44.2913,0.5733,16.0000,0.7196,1.0000
9.6800,-9.5943,2.8816,2.7194,0.0007,0.0000,20.0627,20.7408,43.9192,0.5702,16.0000,0.7205,1.0000
9.6900,16.3291,7.1302,-11.3689,0.0021,0.0000,20.0767,20.7537,43.5471,0.5700,16.0000,0.7214,1.0000
9.7000,-13.8157,-13.3824,-9.1676,0.0035,0.0000,20.0908,20.7667,43.1750,0.5698,16.0000,0.7224,1.0000
9.7100,4.4223,13.7139,-0.3041,0.0031,0.0000,20.1089,20.7807,42.8741,0.5696,16.0000,0.7233,1.0000
9.7200,9.3210,-4.6127,-17.5905,0.0027,0.0000,20.1270,20.7948,42.5731,0.5695,16.0000,0.7242,1.0000
9.7300,-16.2193,-5.9800,-1.6073,0.0030,0.0000,20.1451,20.8088,42.2722,0.5649,16.0000,0.7252,1.0000
9.7400,14.3738,12.8811,-4.4136,0.0033,0.0000,20.1632,20.8228,41.9713,0.5603,16.0000,0.7261,1.0000
9.7500,-5.7080,-13.5321,-13.2783,0.0001,0.0000,20.1814,20.8369,41.6704,0.5557,16.0000,0.7270,1.0000
9.7600,-7.8089,5.8219,2.2521,-0.0032,0.0000,20.1504,20.8509,41.3695,0.5512,16.0000,0.7279,1.0000
9.7700,16.0179,5.1138,-12.6205,-0.0029,0.0000,20.1194,20.8649,41.0685,0.5467,16.0000,0.7289,1.0000
9.7800,-15.9500,-12.4046,-7.7661,-0.0026,0.0000,20.0884,20.8790,40.7676,0.5422,16.0000,0.7298,1.0000
9.7900,5.9015,13.7417,-0.0323,-0.0025,0.0000,20.0574,20.8930,40.4667,0.5377,16.0000,0.7307,1.0000
9.8000,4.9684,-7.6665,-15.8187,-0.0025,0.0000,20.0264,20.9070,40.1658,0.5332,16.0000,0.7317,1.0000
9.8100,-15.4708,-3.0468,-1.5839,0.0006,0.0000,20.0052,20.9109,40.0302,0.5306,16.0000,0.7308,1.0000
9.8200,16.8266,12.8915,-5.8173,0.0037,0.0000,19.9841,20.9147,39.8946,0.5280,16.0000,0.7298,1.0000
9.8300,-6.6167,-14.5027,-13.5353,0.0019,0.0000,19.9630,20.9186,39.7590,0.5254,16.0000,0.7289,1.0000
9.8400,-5.2627,6.8582,3.0446,0.0001,0.0000,19.9419,20.9224,39.6234,0.5228,16.0000,0.7280,1.0000
9.8500,14.6940,2.4267,-13.6975,0.0009,0.0000,19.9208,20.9263,39.4878,0.5208,16.0000,0.7271,1.0000
9.8600,-16.5355,-11.4019,-6.0010,0.0016,0.0000,19.9468,20.9301,39.3522,0.5187,16.0000,0.7262,1.0000
9.8700,9.0058,15.2297,-1.9489,-0.0005,0.0000,19.9727,20.9340,39.2166,0.5167,16.0000,0.7252,1.0000
9.8800,4.3531,-9.1288,-15.9872,-0.0025,0.0000,19.9987,20.9378,39.0810,0.5146,16.0000,0.7243,1.0000
9.8900,-14.3939,-2.3269,1.4220,0.0016,0.0000,20.0247,20.9417,38.9453,0.5135,16.0000,0.7234,1.0000
9.9000,15.5017,11.4810,-8.6336,0.0057,0.0000,20.0506,20.9455,38.8097,0.5124,16.0000,0.7225,1.0000
9.9100,-10.0887,-15.0843,-11.2176,0.0026,0.0000,20.0910,20.9600,38.4631,0.5114,16.0000,0.7216,1.0000
9.9200,-2.9609,10.5898,3.6014,-0.0006,0.0000,20.1314,20.9744,38.1165,0.5103,16.0000,0.7207,1.0000
9.9300,14.0912,0.7574,-14.3192,0.0005,0.0000,20.1717,20.9889,37.7698,0.5062,16.0000,0.7197,1.0000
9.9400,-17.9341,-9.6884,-5.1939,0.0015,0.0000,20.2121,21.0033,37.4232,0.5021,16.0000,0.7188,1.0000
9.9500,10.5320,13.3345,-1.1173,0.0005,0.0000,20.2525,21.0178,37.0765,0.4980,16.0000,0.7179,1.0000
9.9600,1.7358,-9.6880,-15.3149,-0.0004,0.0000,20.1468,21.0322,36.7299,0.4938,16.0000,0.7170,1.0000
9.9700,-12.0811,0.6056,1.9706,-0.0014,0.0000,20.0412,21.0467,36.3833,0.4905,16.0000,0.7161,1.0000
9.9800,17.4732,10.5402,-9.5775,-0.0024,-0.0000,19.9356,21.0611,36.0366,0.4872,16.0000,0.7151,1.0000
9.9900,-12.0244,-14.2596,-9.0114,-0.0003,0.0000,19.8300,21.0756,35.6900,0.4839,16.0000,0.7142,1.0000
10.0000,-0.3941,11.3006,2.9051,0.0019,-0.0000,19.7243,21.0900,35.3433,0.4806,16.0000,0.7133,1.0000
10.0100,11.2326,-2.4373,-15.6226,-0.0013,0.0000,19.7775,21.1070,34.9295,0.4768,16.0000,0.7130,1.0000
10.0200,-16.9998,-9.4774,-3.2892,-0.0044,0.0000,19.8307,21.1240,34.5157,0.4730,16.0000,0.7128,1.0000
10.0300,11.3926,14.2387,-2.5806,-0.0005,0.0000,19.8838,21.1410,34.1019,0.4692,16.0000,0.7125,1.0000
10.0400,-1.4986,-12.3509,-15.8383,0.0034,0.0000,19.9370,21.1580,33.6881,0.4653,16.0000,0.7122,1.0000
10.0500,-12.1412,2.0167,2.5527,0.0003,0.0000,19.9902,21.1750,33.2743,0.4634,16.0000,0.7120,1.0000
10.0600,17.7656,7.7070,-11.6806,-0.0027,0.0000,19.9901,21.1921,32.8604,0.4615,16.0000,0.7117,1.0000
10.0700,-12.7834,-14.1389,-8.2057,-0.0026,0.0000,19.9900,21.2091,32.4466,0.4596,16.0000,0.7114,1.0000
10.0800,2.3710,11.9648,2.0244,-0.0024,0.0000,19.9899,21.2261,32.0328,0.4577,16.0000,0.7112,1.0000
10.0900,10.1266,-4.6770,-16.8343,-0.0003,0.0000,19.9899,21.2431,31.6190,0.4532,16.0000,0.7109,1.0000
10.1000,-15.7404,-6.5581,-2.2755,0.0018,0.0000,19.9898,21.2601,31.2052,0.4488,16.0000,0.7106,1.0000
10.1100,14.4486,13.6824,-5.6582,0.0012,0.0000,19.8985,21.2756,30.8770,0.4443,16.0000,0.7104,1.0000
10.1200,-3.8332,-13.7300,-15.5003,0.0006,0.0000,19.8073,21.2911,30.5489,0.4398,16.0000,0.7101,1.0000
10.1300,-8.9017,3.5674,2.0002,-0.0021,0.0000,19.7160,21.3067,30.2207,0.4396,16.0000,0.7098,1.0000
10.1400,16.0887,4.6567,-11.3865,-0.0049,0.0000,19.6248,21.3222,29.8926,0.4393,16.0000,0.7096,1.0000
10.1500,-14.6560,-13.4691,-8.4917,-0.0023,0.0000,19.5335,21.3377,29.5644,0.4391,16.0000,0.7093,1.0000
10.1600,4.6149,12.7852,1.5239,0.0002,0.0000,19.7275,21.3532,29.2363,0.4389,16.0000,0.7090,1.0000
10.1700,7.3051,-6.1933,-15.5288,-0.0001,0.0000,19.9214,21.3688,28.9081,0.4323,16.0000,0.7088,1.0000
10.1800,-16.1957,-4.5123,0.1546,-0.0004,0.0000,20.1153,21.3843,28.5800,0.4258,16.0000,0.7085,1.0000
10.1900,16.0784,12.2103,-5.4013,0.0005,0.0000,20.3093,21.3998,28.2518,0.4192,16.0000,0.7082,1.0000
10.2000,-6.3433,-13.5548,-13.7385,0.0015,0.0000,20.5032,21.4154,27.9237,0.4127,16.0000,0.7079,1.0000
10.2100,-5.5018,7.8364,3.5645,0.0020,0.0000,20.3934,21.4184,27.7929,0.4126,16.0000,0.7066,1.0000
10.2200,17.0635,3.7984,-13.4408,0.0026,0.0000,20.2835,21.4214,27.6620,0.4126,16.0000,0.7052,1.0000
10.2300,-15.5943,-11.4056,-6.4080,0.0037,0.0000,20.1737,21.4244,27.5312,0.4125,16.0000,0.7038,1.0000
10.2400,9.2431,13.8567,-0.2862,0.0048,0.0000,20.0639,21.4274,27.4004,0.4125,16.0000,0.7025,1.0000
10.2500,5.7022,-8.6389,-15.6820,0.0025,0.0000,19.9541,21.4305,27.2696,0.4096,16.0000,0.7011,1.0000
10.2600,-14.8241,-1.2305,-0.0168,0.0003,0.0000,19.8926,21.4335,27.1388,0.4067,16.0000,0.6997,1.0000
10.2700,17.2456,11.2562,-7.5021,-0.0008,0.0000,19.8311,21.4365,27.0079,0.4038,16.0000,0.6984,1.0000
10.2800,-9.1561,-13.4252,-13.8860,-0.0019,0.0000,19.7696,21.4395,26.8771,0.4009,16.0000,0.6970,1.0000
10.2900,-3.8074,8.9173,2.5900,-0.0024,0.0000,19.7081,21.4425,26.7463,0.3979,16.0000,0.6956,1.0000
10.3000,13.2979,0.0088,-13.8956,-0.0029,0.0000,19.6466,21.4456,26.6155,0.3948,16.0000,0.6943,1.0000
10.3100,-17.3527,-11.8985,-5.5873,0.0009,0.0000,19.6271,21.4631,26.2139,0.3918,16.0000,0.6929,1.0000
10.3200,10.9267,14.8448,-1.5384,0.0046,0.0000,19.6076,21.4807,25.8122,0.3888,16.0000,0.6915,1.0000
10.3300,1.4089,-10.3955,-16.5470,0.0018,0.0000,19.5881,21.4983,25.4106,0.3876,16.0000,0.6902,1.0000
10.3400,-12.3766,0.5389,0.4128,-0.0011,0.0000,19.5687,21.5158,25.0090,0.3864,16.0000,0.6888,1.0000
10.3500,17.4863,10.3965,-10.2448,-0.0012,0.0000,19.5492,21.5334,24.6073,0.3853,16.0000,0.6874,1.0000
10.3600,-11.3434,-14.4226,-12.5963,-0.0014,0.0000,19.4903,21.5510,24.2057,0.3841,16.0000,0.6861,1.0000
10.3700,0.2306,11.1374,1.9971,0.0004,0.0000,19.4313,21.5685,23.8041,0.3776,16.0000,0.6847,1.0000
10.3800,13.8417,-1.2823,-14.6612,0.0022,0.0000,19.3724,21.5861,23.4025,0.3712,16.0000,0.6833,1.0000
10.3900,-16.2544,-10.3768,-3.9217,0.0011,0.0000,19.3135,21.6037,23.0008,0.3648,16.0000,0.6820,1.0000
10.4000,11.7479,14.8463,-3.5197,-0.0001,0.0000,19.2546,21.6212,22.5992,0.3583,16.0000,0.6806,1.0000
10.4100,-1.5584,-12.2886,-16.0735,0.0013,0.0000,19.4146,21.6245,22.5105,0.3589,16.0000,0.6824,1.0000
10.4200,-11.2919,2.1502,2.1693,0.0027,0.0000,19.5746,21.6278,22.4218,0.3596,16.0000,0.6843,1.0000
10.4300,16.4445,8.0171,-9.5739,0.0014,0.0000,19.7346,21.6311,22.3331,0.3602,16.0000,0.6861,1.0000
10.4400,-12.7627,-13.8885,-10.3618,0.0001,0.0000,19.8946,21.6344,22.2444,0.3608,16.0000,0.6880,1.0000
10.4500,1.0520,11.6328,1.9887,-0.0004,0.0000,20.0546,21.6377,22.1557,0.3558,16.0000,0.6898,1.0000
10.4600,10.5556,-3.3629,-15.0068,-0.0009,0.0000,19.9977,21.6410,22.0670,0.3508,16.0000,0.6916,1.0000
10.4700,-17.4161,-6.5801,-3.2641,-0.0010,0.0000,19.9408,21.6443,21.9783,0.3458,16.0000,0.6935,1.0000
10.4800,14.2003,13.2479,-3.7425,-0.0011,0.0000,19.8839,21.6476,21.8896,0.3409,16.0000,0.6953,1.0000
10.4900,-2.8651,-12.6658,-15.3140,0.0009,0.0000,19.8269,21.6509,21.8008,0.3394,16.0000,0.6972,1.0000
10.5000,-8.7736,5.1981,2.4971,0.0028,0.0000,19.7700,21.6542,21.7121,0.3379,16.0000,0.6990,1.0000
10.5100,16.3010,6.0231,-11.7603,0.0019,0.0000,19.7064,21.6619,21.4826,0.3364,16.0000,0.7008,1.0000
10.5200,-14.8177,-13.9105,-8.8005,0.0011,0.0000,19.6428,21.6697,21.2530,0.3349,16.0000,0.7027,1.0000
10.5300,3.7991,13.3432,1.3392,0.0010,0.0000,19.5791,21.6774,21.0235,0.3334,16.0000,0.7045,1.0000
10.5400,7.0402,-5.8370,-17.0666,0.0010,0.0000,19.5155,21.6852,20.7940,0.3319,16.0000,0.7064,1.0000
10.5500,-16.0834,-5.7578,0.2179,0.0011,0.0000,19.4519,21.6929,20.5644,0.3303,16.0000,0.7082,1.0000
10.5600,14.2799,13.0959,-6.2483,0.0013,0.0000,19.4163,21.7006,20.3349,0.3288,16.0000,0.7100,1.0000
10.5700,-6.5759,-14.7229,-13.6868,-0.0002,0.0000,19.3806,21.7084,20.1053,0.3265,16.0000,0.7119,1.0000
10.5800,-6.9413,6.4572,2.1419,-0.0017,0.0000,19.3450,21.7161,19.8758,0.3243,16.0000,0.7137,1.0000
10.5900,14.4833,4.0474,-11.8636,0.0003,0.0000,19.3093,21.7238,19.6462,0.3220,16.0000,0.7156,1.0000
10.6000,-14.8264,-11.2444,-6.9018,0.0023,0.0000,19.2737,21.7316,19.4167,0.3197,16.0000,0.7174,1.0000
10.6100,7.5607,14.3826,-0.2166,0.0036,0.0000,19.2600,21.7225,19.5830,0.3144,16.0000,0.7185,1.0000
10.6200,6.2301,-7.1975,-15.5657,0.0049,0.0000,19.2463,21.7135,19.7493,0.3091,16.0000,0.7196,1.0000
10.6300,-14.5413,-2.3688,-0.3254,0.0005,0.0000,19.2326,21.7045,19.9156,0.3038,16.0000,0.7208,1.0000
10.6400,16.7947,11.7745,-8.1315,-0.0038,0.0000,19.2190,21.6954,20.0819,0.2985,16.0000,0.7219,1.0000
10.6500,-8.7521,-13.9007,-12.8188,-0.0008,0.0000,19.2053,21.6864,20.2482,0.2975,16.0000,0.7230,1.0000
10.6600,-3.5280,9.4144,1.7416,0.0022,0.0000,19.2105,21.6774,20.4145,0.2964,16.0000,0.7241,1.0000
10.6700,14.0842,0.8409,-14.4878,-0.0018,0.0000,19.2158,21.6683,20.5808,0.2953,16.0000,0.7253,1.0000
10.6800,-17.0223,-10.3705,-6.2384,-0.0059,0.0000,19.2210,21.6593,20.7471,0.2943,16.0000,0.7264,1.0000
10.6900,8.8484,14.6828,-1.1455,-0.0032,0.0000,19.2263,21.6502,20.9134,0.2933,16.0000,0.7275,1.0000
10.7000,0.9486,-10.7188,-16.6673,-0.0006,0.0000,19.2316,21.6412,21.0797,0.2923,16.0000,0.7286,1.0000
10.7100,-14.3190,-0.4725,0.7143,-0.0002,0.0000,19.1047,21.6671,20.5273,0.2914,16.0000,0.7298,1.0000
10.7200,17.4385,10.3750,-9.2120,0.0002,0.0000,18.9779,21.6929,19.9749,0.2904,16.0000,0.7309,1.0000
10.7300,-12.0892,-14.3351,-11.5066,0.0007,0.0000,18.8511,21.7188,19.4226,0.2872,16.0000,0.7320,1.0000
10.7400,-1.1380,11.4237,2.3580,0.0011,0.0000,18.7243,21.7447,18.8702,0.2839,16.0000,0.7331,1.0000
10.7500,12.0908,-0.1145,-16.2021,0.0032,0.0000,18.5975,21.7705,18.3178,0.2807,16.0000,0.7343,1.0000
10.7600,-17.3976,-9.3207,-3.8199,0.0054,0.0000,18.6752,21.7964,17.7655,0.2775,16.0000,0.7354,1.0000
10.7700,13.2823,14.6362,-4.2844,0.0034,0.0000,18.7528,21.8223,17.2131,0.2763,16.0000,0.7365,1.0000
10.7800,-0.7663,-10.9059,-15.7248,0.0015,0.0000,18.8304,21.8482,16.6607,0.2751,16.0000,0.7376,1.0000
10.7900,-12.2168,2.8250,0.0543,0.0013,0.0000,18.9080,21.8740,16.1083,0.2739,16.0000,0.7388,1.0000
10.8000,16.5434,7.5253,-9.7727,0.0010,0.0000,18.9856,21.8999,15.5560,0.2728,16.0000,0.7399,1.0000
10.8100,-13.3660,-15.0826,-11.8493,0.0018,0.0000,18.9655,21.8995,15.4605,0.2719,16.0000,0.7399,1.0000
10.8200,2.3764,11.8912,0.6798,0.0025,0.0000,18.9453,21.8992,15.3650,0.2710,16.0000,0.7399,1.0000
10.8300,10.8831,-3.6936,-17.2881,0.0022,0.0000,18.9252,21.8988,15.2695,0.2701,16.0000,0.7400,1.0000
10.8400,-16.8234,-7.6758,-3.1433,0.0020,0.0000,18.9050,21.8985,15.1740,0.2692,16.0000,0.7400,1.0000
10.8500,13.9985,13.4898,-4.0062,0.0013,0.0000,18.8848,21.8981,15.0785,0.2664,16.0000,0.7400,1.0000
10.8600,-4.3470,-13.2769,-15.4414,0.0007,0.0000,18.8321,21.8978,14.9830,0.2636,16.0000,0.7400,1.0000
10.8700,-9.0380,4.5081,0.9235,0.0014,0.0000,18.7794,21.8974,14.8875,0.2608,16.0000,0.7401,1.0000
10.8800,17.2261,5.8998,-11.5993,0.0020,0.0000,18.7267,21.8971,14.7920,0.2580,16.0000,0.7401,1.0000
10.8900,-13.4924,-13.8979,-8.4277,0.0024,0.0000,18.6740,21.8967,14.6965,0.2544,16.0000,0.7401,1.0000
10.9000,5.4715,14.0529,-0.0014,0.0028,0.0000,18.6213,21.8964,14.6009,0.2508,16.0000,0.7401,1.0000
10.9100,7.6758,-5.7555,-16.8718,0.0027,0.0000,18.5292,21.9026,14.4716,0.2471,16.0000,0.7402,1.0000
10.9200,-14.4964,-3.2455,-0.2141,0.0027,0.0000,18.4371,21.9088,14.3423,0.2435,16.0000,0.7402,1.0000
10.9300,15.9742,11.9464,-8.4448,0.0032,0.0000,18.3449,21.9151,14.2130,0.2396,16.0000,0.7402,1.0000
10.9400,-6.8417,-14.9189,-13.7120,0.0037,0.0000,18.2528,21.9213,14.0837,0.2357,16.0000,0.7402,1.0000
10.9500,-6.0569,7.2722,1.6259,0.0042,0.0000,18.1606,21.9276,13.9544,0.2317,16.0000,0.7403,1.0000
10.9600,13.5741,3.0201,-14.1540,0.0048,0.0000,18.1625,21.9338,13.8250,0.2278,16.0000,0.7403,1.0000
10.9700,-17.6160,-12.9418,-8.1904,0.0013,0.0000,18.1643,21.9400,13.6957,0.2252,16.0000,0.7403,1.0000
10.9800,8.3142,12.9457,-1.7237,-0.0022,0.0000,18.1662,21.9463,13.5664,0.2226,16.0000,0.7403,1.0000
10.9900,5.0764,-8.7206,-18.0713,-0.0014,0.0000,18.1681,21.9525,13.4371,0.2199,16.0000,0.7404,1.0000
11.0000,-14.0282,-1.9990,0.3638,-0.0005,0.0000,18.1699,21.9587,13.3078,0.2173,16.0000,0.7404,1.0000
11.0100,16.5607,11.7187,-7.8045,-0.0010,0.0000,18.2597,21.9662,13.1173,0.2203,16.0000,0.7389,1.0000
11.0200,-10.5487,-14.3590,-13.2691,-0.0014,0.0000,18.3495,21.9736,12.9269,0.2233,16.0000,0.7375,1.0000
11.0300,-2.0082,9.8542,2.7029,-0.0024,0.0000,18.4393,21.9811,12.7364,0.2263,16.0000,0.7360,1.0000
11.0400,13.7088,0.5803,-15.9460,-0.0034,0.0000,18.5290,21.9885,12.5459,0.2294,16.0000,0.7346,1.0000
11.0500,-16.9038,-10.6972,-6.6801,0.0025,0.0000,18.6188,21.9960,12.3555,0.2267,16.0000,0.7331,1.0000
11.0600,10.6838,14.6193,-3.0506,0.0085,0.0000,18.5806,22.0034,12.1650,0.2241,16.0000,0.7316,1.0000
11.0700,1.6717,-12.0540,-17.8483,0.0063,0.0000,18.5424,22.0109,11.9745,0.2214,16.0000,0.7302,1.0000
11.0800,-12.4073,0.7267,-0.1260,0.0041,0.0000,18.5041,22.0183,11.7841,0.2188,16.0000,0.7287,1.0000
11.0900,16.9639,8.8618,-10.9887,0.0013,0.0000,18.4659,22.0258,11.5936,0.2138,16.0000,0.7273,1.0000
11.1000,-12.5172,-14.4919,-11.1114,-0.0015,0.0000,18.4277,22.0332,11.4032,0.2087,16.0000,0.7258,1.0000
11.1100,-0.0011,11.6529,0.5755,-0.0000,0.0000,18.3535,22.0391,11.2192,0.2037,16.0000,0.7243,1.0000
11.1200,11.8260,-2.6160,-16.1959,0.0015,0.0000,18.2793,22.0450,11.0353,0.1986,16.0000,0.7229,1.0000
11.1300,-17.2956,-7.7446,-3.3099,0.0019,0.0000,18.2050,22.0509,10.8514,0.1980,16.0000,0.7214,1.0000
11.1400,12.0642,14.3921,-3.7882,0.0023,0.0000,18.1308,22.0568,10.6675,0.1975,16.0000,0.7200,1.0000
11.1500,-1.7393,-12.3808,-15.7355,-0.0001,0.0000,18.0566,22.0626,10.4836,0.1969,16.0000,0.7185,1.0000
11.1600,-8.3811,4.3698,0.7591,-0.0025,0.0000,17.9856,22.0685,10.2996,0.1964,16.0000,0.7170,1.0000
11.1700,16.8304,6.7477,-13.0055,0.0009,0.0000,17.9147,22.0744,10.1157,0.1948,16.0000,0.7156,1.0000
11.1800,-14.4971,-12.9423,-10.1073,0.0043,0.0000,17.8437,22.0803,9.9318,0.1932,16.0000,0.7141,1.0000
11.1900,4.1946,12.6951,0.3750,0.0029,0.0000,17.7728,22.0862,9.7479,0.1916,16.0000,0.7127,1.0000
11.2000,7.5763,-4.6634,-17.4410,0.0015,0.0000,17.7018,22.0921,9.5640,0.1901,16.0000,0.7112,1.0000
11.2100,-17.0175,-4.6793,-1.1686,0.0026,0.0000,17.6655,22.0825,9.7286,0.1894,16.0000,0.7115,1.0000
11.2200,15.9532,13.8850,-5.6374,0.0037,0.0000,17.6292,22.0730,9.8932,0.1887,16.0000,0.7117,1.0000
11.2300,-7.0897,-12.9366,-15.3289,0.0026,0.0000,17.5929,22.0635,10.0579,0.1880,16.0000,0.7120,1.0000
11.2400,-7.1069,6.5364,2.1630,0.0014,0.0000,17.5566,22.0540,10.2225,0.1873,16.0000,0.7123,1.0000
11.2500,15.1109,4.3637,-13.7476,0.0004,0.0000,17.5203,22.0445,10.3871,0.1842,16.0000,0.7126,1.0000
11.2600,-15.8873,-12.3598,-7.4682,-0.0007,0.0000,17.4794,22.0350,10.5518,0.1812,16.0000,0.7128,1.0000
11.2700,7.2969,14.4990,-0.1741,-0.0013,0.0000,17.4385,22.0254,10.7164,0.1781,16.0000,0.7131,1.0000
11.2800,4.6616,-8.3963,-16.0085,-0.0018,0.0000,17.3976,22.0159,10.8811,0.1751,16.0000,0.7134,1.0000
11.2900,-14.8075,-1.4571,-1.3083,0.0007,0.0000,17.3568,22.0064,11.0457,0.1755,16.0000,0.7137,1.0000
11.3000,16.6327,10.7434,-8.7164,0.0032,0.0000,17.3159,21.9969,11.2103,0.1759,16.0000,0.7139,1.0000
11.3100,-9.7513,-14.8898,-14.0297,0.0033,0.0000,17.3543,22.0087,10.9798,0.1764,16.0000,0.7142,1.0000
11.3200,-2.4984,9.8119,1.9061,0.0034,0.0000,17.3926,22.0205,10.7494,0.1768,16.0000,0.7145,1.0000
11.3300,14.0808,0.5156,-15.0036,0.0028,0.0000,17.4310,22.0323,10.5189,0.1725,16.0000,0.7147,1.0000
11.3400,-15.8367,-10.9244,-6.1358,0.0021,0.0000,17.4694,22.0441,10.2884,0.1681,16.0000,0.7150,1.0000
11.3500,10.1620,14.7673,-2.7523,-0.0014,0.0000,17.5077,22.0559,10.0579,0.1638,16.0000,0.7153,1.0000
11.3600,0.6430,-11.6726,-17.6721,-0.0049,0.0000,17.5492,22.0678,9.8274,0.1594,16.0000,0.7156,1.0000
11.3700,-13.2999,0.7103,-0.2883,-0.0021,0.0000,17.5906,22.0796,9.5969,0.1581,16.0000,0.7158,1.0000
11.3800,17.1269,10.2436,-10.1032,0.0007,0.0000,17.6320,22.0914,9.3665,0.1568,16.0000,0.7161,1.0000
11.3900,-11.4673,-14.3186,-12.2258,-0.0001,0.0000,17.6735,22.1032,9.1360,0.1555,16.0000,0.7164,1.0000
11.4000,0.3185,10.9324,1.6286,-0.0008,0.0000,17.7149,22.1150,8.9055,0.1543,16.0000,0.7167,1.0000
11.4100,11.6093,-1.7955,-16.7745,-0.0002,0.0000,17.5978,22.1155,8.8454,0.1518,16.0000,0.7170,1.0000
11.4200,-16.7239,-7.4506,-3.7948,0.0005,0.0000,17.4806,22.1161,8.7853,0.1493,16.0000,0.7174,1.0000
11.4300,13.4339,13.9642,-4.3805,0.0003,0.0000,17.3635,22.1166,8.7252,0.1468,16.0000,0.7178,1.0000
11.4400,-3.3298,-12.7684,-16.0169,0.0002,0.0000,17.2464,22.1171,8.6650,0.1443,16.0000,0.7182,1.0000
11.4500,-9.3440,4.0276,0.5217,0.0021,0.0000,17.1292,22.1177,8.6049,0.1416,16.0000,0.7186,1.0000
11.4600,15.9721,6.6466,-12.6249,0.0041,0.0000,17.0690,22.1182,8.5448,0.1389,16.0000,0.7189,1.0000
11.4700,-15.1653,-14.8519,-10.5827,0.0007,0.0000,17.0088,22.1187,8.4847,0.1362,16.0000,0.7193,1.0000
11.4800,3.6775,13.7999,-0.9386,-0.0026,0.0000,16.9486,22.1193,8.4246,0.1335,16.0000,0.7197,1.0000
11.4900,8.3357,-6.3067,-16.1976,-0.0007,0.0000,16.8884,22.1198,8.3645,0.1373,16.0000,0.7201,1.0000
11.5000,-16.1066,-5.9128,-1.4572,0.0013,0.0000,16.8282,22.1203,8.3044,0.1410,16.0000,0.7205,1.0000
11.5100,14.8707,12.5662,-6.1189,0.0009,0.0000,16.8506,22.1207,8.3018,0.1448,16.0000,0.7209,1.0000
11.5200,-6.6170,-13.2764,-15.3211,0.0004,0.0000,16.8730,22.1210,8.2991,0.1486,16.0000,0.7212,1.0000
11.5300,-6.2529,8.3241,0.1422,-0.0018,0.0000,16.8954,22.1213,8.2965,0.1448,16.0000,0.7216,1.0000
11.5400,15.3140,2.4218,-14.5203,-0.0040,0.0000,16.9178,22.1216,8.2939,0.1411,16.0000,0.7220,1.0000
11.5500,-16.4557,-11.6852,-8.1358,-0.0028,0.0000,16.9402,22.1219,8.2912,0.1374,16.0000,0.7224,1.0000
11.5600,8.2859,14.3926,-2.0142,-0.0016,0.0000,16.8399,22.1222,8.2886,0.1336,16.0000,0.7228,1.0000
11.5700,4.3160,-8.3666,-17.7745,-0.0012,0.0000,16.7397,22.1225,8.2860,0.1344,16.0000,0.7232,1.0000
11.5800,-14.1259,-1.9492,0.1245,-0.0009,0.0000,16.6395,22.1228,8.2833,0.1351,16.0000,0.7235,1.0000
11.5900,16.3029,12.1350,-9.2195,-0.0009,0.0000,16.5393,22.1231,8.2807,0.1358,16.0000,0.7239,1.0000
11.6000,-10.1338,-15.0561,-13.5739,-0.0010,0.0000,16.4391,22.1234,8.2781,0.1365,16.0000,0.7243,1.0000
11.6100,-1.9543,9.6759,1.4289,-0.0009,0.0000,16.3445,22.1270,8.1537,0.1349,16.0000,0.7231,1.0000
11.6200,12.8860,-1.3513,-16.9282,-0.0008,0.0000,16.2499,22.1306,8.0292,0.1333,16.0000,0.7220,1.0000
11.6300,-17.7102,-11.3471,-4.5887,0.0008,0.0000,16.1553,22.1342,7.9048,0.1317,16.0000,0.7208,1.0000
11.6400,11.9817,14.9310,-3.9994,0.0023,0.0000,16.0607,22.1378,7.7804,0.1302,16.0000,0.7196,1.0000
11.6500,-0.1133,-12.0682,-16.7990,-0.0018,0.0000,15.9661,22.1414,7.6560,0.1282,16.0000,0.7185,1.0000
11.6600,-10.8903,2.0496,0.5766,-0.0059,0.0000,16.0190,22.1450,7.5316,0.1263,16.0000,0.7173,1.0000
11.6700,17.2332,8.8761,-11.4589,-0.0031,0.0000,16.0719,22.1487,7.4072,0.1243,16.0000,0.7161,1.0000
11.6800,-12.0836,-14.2211,-12.5781,-0.0003,0.0000,16.1248,22.1523,7.2828,0.1224,16.0000,0.7150,1.0000
11.6900,1.5749,11.6528,-0.1523,0.0014,0.0000,16.1777,22.1559,7.1584,0.1214,16.0000,0.7138,1.0000
11.7000,9.5905,-3.5833,-17.5921,0.0031,0.0000,16.2306,22.1595,7.0340,0.1204,16.0000,0.7126,1.0000
11.7100,-15.8996,-7.0541,-3.0317,0.0029,0.0000,16.2195,22.1653,6.9057,0.1195,16.0000,0.7114,1.0000
11.7200,15.4254,13.8599,-7.7614,0.0027,0.0000,16.2083,22.1711,6.7774,0.1185,16.0000,0.7103,1.0000
11.7300,-4.3397,-13.3157,-14.8417,0.0018,0.0000,16.1972,22.1769,6.6492,0.1150,16.0000,0.7091,1.0000
11.7400,-8.1203,4.2530,1.8233,0.0010,0.0000,16.1861,22.1826,6.5209,0.1114,16.0000,0.7079,1.0000
11.7500,16.1978,4.9758,-15.1150,0.0018,0.0000,16.1749,22.1884,6.3926,0.1079,16.0000,0.7068,1.0000
11.7600,-15.3199,-13.3653,-9.4561,0.0027,0.0000,16.1073,22.1942,6.2644,0.1043,16.0000,0.7056,1.0000
11.7700,6.4685,13.2748,-2.1384,0.0011,0.0000,16.0398,22.2000,6.1361,0.1016,16.0000,0.7044,1.0000
11.7800,5.5533,-8.5016,-17.6834,-0.0005,0.0000,15.9722,22.2058,6.0078,0.0988,16.0000,0.7033,1.0000
11.7900,-16.1229,-1.9400,-0.1113,0.0018,0.0000,15.9046,22.2116,5.8796,0.0960,16.0000,0.7021,1.0000
11.8000,15.7073,11.8977,-7.4151,0.0040,0.0000,15.8370,22.2174,5.7513,0.0933,16.0000,0.7009,1.0000
11.8100,-8.5527,-14.9401,-15.4612,0.0022,0.0000,15.8364,22.2167,5.6858,0.0932,16.0000,0.7003,1.0000
11.8200,-3.8733,8.8454,0.1936,0.0004,0.0000,15.8357,22.2160,5.6202,0.0932,16.0000,0.6996,1.0000
11.8300,14.8803,1.7319,-14.9648,-0.0006,0.0000,15.8350,22.2153,5.5547,0.0931,16.0000,0.6989,1.0000
11.8400,-15.9397,-10.5085,-6.2983,-0.0016,0.0000,15.8344,22.2146,5.4892,0.0931,16.0000,0.6983,1.0000
11.8500,10.7817,13.8260,-3.4443,-0.0006,0.0000,15.8337,22.2138,5.4237,0.0908,16.0000,0.6976,1.0000
11.8600,1.9169,-9.8079,-18.6567,0.0003,0.0000,15.6451,22.2131,5.3582,0.0885,16.0000,0.6969,1.0000
11.8700,-12.9112,0.4165,-0.4178,-0.0003,0.0000,15.4565,22.2124,5.2926,0.0862,16.0000,0.6963,1.0000
11.8800,16.1626,9.3469,-11.9453,-0.0010,0.0000,15.2679,22.2117,5.2271,0.0840,16.0000,0.6956,1.0000
11.8900,-11.6730,-14.2630,-12.0289,0.0001,0.0000,15.0793,22.2110,5.1616,0.0852,16.0000,0.6949,1.0000
11.9000,0.2378,12.1555,-1.1548,0.0011,0.0000,14.8906,22.2103,5.0961,0.0864,16.0000,0.6943,1.0000
11.9100,10.0216,-2.0488,-17.7119,0.0000,0.0000,14.9776,22.2150,5.0050,0.0877,16.0000,0.6936,1.0000
11.9200,-15.9109,-8.1756,-5.4290,-0.0010,0.0000,15.0646,22.2197,4.9140,0.0889,16.0000,0.6929,1.0000
11.9300,13.8377,14.7053,-5.8219,-0.0007,0.0000,15.1516,22.2244,4.8229,0.0861,16.0000,0.6923,1.0000
11.9400,-1.3530,-12.3415,-15.8320,-0.0003,0.0000,15.2386,22.2292,4.7319,0.0833,16.0000,0.6916,1.0000
11.9500,-9.8730,5.3799,0.3829,0.0001,0.0000,15.3256,22.2339,4.6408,0.0805,16.0000,0.6909,1.0000
11.9600,16.7366,6.3684,-13.2324,0.0005,0.0000,15.2233,22.2386,4.5498,0.0777,16.0000,0.6903,1.0000
11.9700,-14.3191,-13.1845,-10.8837,0.0006,0.0000,15.1210,22.2433,4.4587,0.0772,16.0000,0.6896,1.0000
11.9800,5.6731,13.9157,-0.9501,0.0007,0.0000,15.0187,22.2481,4.3677,0.0768,16.0000,0.6889,1.0000
11.9900,8.6785,-6.9005,-17.8934,0.0000,0.0000,14.9163,22.2528,4.2767,0.0763,16.0000,0.6883,1.0000
12.0000,-15.3618,-4.1690,-3.0686,-0.0007,0.0000,14.8140,22.2575,4.1856,0.0758,16.0000,0.6876,1.0000
12.0100,16.2717,12.0175,-8.0245,0.0014,0.0000,14.7921,22.2515,4.2979,0.0744,16.0000,0.6886,1.0000
12.0200,-8.5222,-14.4180,-16.3775,0.0035,0.0000,14.7702,22.2455,4.4102,0.0730,16.0000,0.6897,1.0000
12.0300,-5.4488,7.5909,2.4460,0.0025,0.0000,14.7482,22.2395,4.5224,0.0715,16.0000,0.6907,1.0000
12.0400,14.2033,2.4680,-15.3187,0.0015,0.0000,14.7263,22.2335,4.6347,0.0701,16.0000,0.6917,1.0000
12.0500,-16.5618,-11.2056,-7.9517,-0.0008,0.0000,14.7044,22.2275,4.7470,0.0690,16.0000,0.6928,1.0000
12.0600,10.1694,15.2821,-5.0634,-0.0032,0.0000,14.5640,22.2215,4.8592,0.0678,16.0000,0.6938,1.0000
12.0700,2.0492,-9.6709,-16.4403,-0.0008,0.0000,14.4235,22.2155,4.9715,0.0667,16.0000,0.6948,1.0000
12.0800,-12.9530,-0.1762,-0.5118,0.0016,0.0000,14.2831,22.2095,5.0838,0.0655,16.0000,0.6959,1.0000
12.0900,17.3828,11.2221,-9.5882,0.0006,0.0000,14.1427,22.2035,5.1961,0.0659,16.0000,0.6969,1.0000
12.1000,-11.6786,-13.2823,-13.3487,-0.0004,0.0000,14.0023,22.1975,5.3083,0.0662,16.0000,0.6979,1.0000
12.1100,0.4506,11.3702,0.1754,0.0012,0.0000,13.9874,22.1952,5.2598,0.0665,16.0000,0.6990,1.0000
12.1200,10.9857,-2.3031,-16.1704,0.0028,0.0000,13.9724,22.1929,5.2112,0.0668,16.0000,0.7000,1.0000
12.1300,-16.6157,-8.9846,-4.7475,0.0000,0.0000,13.9575,22.1906,5.1627,0.0682,16.0000,0.7010,1.0000
12.1400,13.0039,13.2832,-5.1546,-0.0027,0.0000,13.9426,22.1883,5.1142,0.0696,16.0000,0.7021,1.0000
12.1500,-2.8632,-12.4393,-17.4764,-0.0014,0.0000,13.9277,22.1860,5.0656,0.0710,16.0000,0.7031,1.0000
12.1600,-10.1436,3.4753,-0.4485,-0.0001,0.0000,13.9326,22.1837,5.0171,0.0724,16.0000,0.7041,1.0000
12.1700,15.3771,5.3227,-15.0597,-0.0028,0.0000,13.9376,22.1814,4.9685,0.0715,16.0000,0.7052,1.0000
12.1800,-15.3334,-13.4640,-11.1764,-0.0055,0.0000,13.9426,22.1792,4.9200,0.0706,16.0000,0.7062,1.0000
12.1900,4.5941,13.2532,-1.5494,-0.0034,0.0000,13.9475,22.1769,4.8714,0.0697,16.0000,0.7072,1.0000
12.2000,7.2266,-6.0753,-18.8729,-0.0013,0.0000,13.9525,22.1746,4.8229,0.0688,16.0000,0.7083,1.0000
12.2100,-15.4667,-3.8396,-2.9692,0.0001,0.0000,13.8747,22.1798,4.6900,0.0612,16.0000,0.7100,1.0000
12.2200,15.8642,12.9559,-8.0592,0.0014,0.0000,13.7969,22.1851,4.5571,0.0536,16.0000,0.7118,1.0000
12.2300,-7.1613,-14.7095,-14.9399,-0.0009,0.0000,13.7191,22.1904,4.4242,0.0460,16.0000,0.7136,1.0000
12.2400,-5.9440,8.4431,0.8542,-0.0032,0.0000,13.6412,22.1956,4.2914,0.0385,16.0000,0.7154,1.0000
12.2500,13.5871,2.3785,-17.7528,-0.0023,0.0000,13.5634,22.2009,4.1585,0.0440,16.0000,0.7171,1.0000
12.2600,-16.2449,-11.4172,-8.4409,-0.0015,0.0000,13.5079,22.2062,4.0256,0.0495,16.0000,0.7189,1.0000
12.2700,8.6243,13.6383,-2.8398,-0.0017,0.0000,13.4523,22.2114,3.8927,0.0551,16.0000,0.7207,1.0000
12.2800,2.7782,-8.5773,-19.3791,-0.0020,0.0000,13.3968,22.2167,3.7598,0.0606,16.0000,0.7225,1.0000
12.2900,-13.4622,-0.3785,-2.1255,0.0007,0.0000,13.3412,22.2219,3.6270,0.0575,16.0000,0.7242,1.0000
12.3000,15.5874,9.2543,-10.7460,0.0034,0.0000,13.2857,22.2272,3.4941,0.0543,16.0000,0.7260,1.0000
12.3100,-11.8727,-13.5660,-13.9957,0.0022,0.0000,13.2270,22.2304,3.4525,0.0511,16.0000,0.7278,1.0000
12.3200,-0.6353,11.3396,-0.2682,0.0010,0.0000,13.1684,22.2335,3.4109,0.0479,16.0000,0.7295,1.0000
12.3300,11.9467,-1.6443,-17.2579,0.0012,0.0000,13.1097,22.2367,3.3693,0.0488,16.0000,0.7313,1.0000
12.3400,-16.8344,-7.9139,-6.0236,0.0015,0.0000,13.0510,22.2398,3.3278,0.0496,16.0000,0.7331,1.0000
12.3500,13.8635,14.1981,-4.8318,-0.0015,0.0000,12.9924,22.2430,3.2862,0.0505,16.0000,0.7349,1.0000
12.3600,-1.7312,-12.2908,-18.0336,-0.0044,0.0000,13.0018,22.2462,3.2446,0.0514,16.0000,0.7366,1.0000
12.3700,-9.4956,4.2555,-1.5812,-0.0024,0.0000,13.0112,22.2493,3.2030,0.0501,16.0000,0.7384,1.0000
12.3800,16.9942,6.4295,-14.8439,-0.0003,0.0000,13.0207,22.2525,3.1614,0.0488,16.0000,0.7402,1.0000
12.3900,-14.5647,-13.3095,-10.7619,-0.0003,0.0000,13.0301,22.2556,3.1199,0.0475,16.0000,0.7420,1.0000
12.4000,4.5470,13.1842,-2.9530,-0.0004,0.0000,13.0395,22.2588,3.0783,0.0462,16.0000,0.7437,1.0000
12.4100,7.4789,-6.7808,-18.6848,-0.0015,0.0000,12.9132,22.2539,3.1555,0.0470,16.0000,0.7408,1.0000
12.4200,-15.8848,-4.4305,-2.0546,-0.0027,0.0000,12.7868,22.2491,3.2327,0.0478,16.0000,0.7378,1.0000
12.4300,16.4795,12.3457,-9.4239,0.0005,0.0000,12.6604,22.2442,3.3099,0.0486,16.0000,0.7348,1.0000
12.4400,-7.1198,-14.6177,-15.2464,0.0036,0.0000,12.5340,22.2394,3.3871,0.0494,16.0000,0.7318,1.0000
12.4500,-5.3015,7.7402,0.5026,-0.0002,0.0000,12.4077,22.2345,3.4643,0.0480,16.0000,0.7288,1.0000
12.4600,13.5840,1.9092,-16.4375,-0.0040,0.0000,12.4434,22.2297,3.5415,0.0466,16.0000,0.7259,1.0000
12.4700,-16.3535,-11.8850,-7.9237,-0.0031,0.0000,12.4792,22.2248,3.6187,0.0453,16.0000,0.7229,1.0000
12.4800,9.8512,14.1881,-3.5402,-0.0023,0.0000,12.5149,22.2200,3.6959,0.0439,16.0000,0.7199,1.0000
12.4900,2.9009,-9.5272,-17.9458,-0.0009,0.0000,12.5507,22.2151,3.7731,0.0415,16.0000,0.7169,1.0000
12.5000,-12.8422,0.1828,-1.8781,0.0005,0.0000,12.5864,22.2103,3.8503,0.0392,16.0000,0.7140,1.0000
12.5100,15.4783,9.0364,-10.6621,-0.0008,0.0000,12.4965,22.2074,3.9055,0.0369,16.0000,0.7110,1.0000
12.5200,-11.0164,-13.8924,-13.9097,-0.0020,0.0000,12.4066,22.2044,3.9608,0.0345,16.0000,0.7080,1.0000
12.5300,0.0791,12.8237,0.0086,-0.0006,0.0000,12.3167,22.2015,4.0161,0.0341,16.0000,0.7050,1.0000
12.5400,11.2980,-2.4589,-18.2927,0.0008,0.0000,12.2268,22.1986,4.0713,0.0336,16.0000,0.7020,1.0000
12.5500,-16.4267,-8.4401,-4.1495,0.0023,0.0000,12.1369,22.1957,4.1266,0.0332,16.0000,0.6991,1.0000
12.5600,13.5875,14.6617,-7.2696,0.0037,0.0000,12.0862,22.1927,4.1819,0.0327,16.0000,0.6961,1.0000
12.5700,-3.9383,-13.5022,-18.1196,0.0025,0.0000,12.0355,22.1898,4.2372,0.0320,16.0000,0.6931,1.0000
12.5800,-9.6228,4.0757,0.8632,0.0013,0.0000,11.9848,22.1869,4.2924,0.0312,16.0000,0.6901,1.0000
12.5900,16.4296,6.6934,-13.7772,0.0021,0.0000,11.9341,22.1840,4.3477,0.0304,16.0000,0.6872,1.0000
12.6000,-15.0215,-13.1889,-9.8911,0.0029,0.0000,11.8833,22.1810,4.4030,0.0296,16.0000,0.6842,1.0000
12.6100,4.8034,14.2393,-1.6531,0.0030,0.0000,11.9523,22.1827,4.3106,0.0317,16.0000,0.6860,1.0000
12.6200,6.4700,-5.6628,-18.3510,0.0030,0.0000,12.0213,22.1843,4.2182,0.0338,16.0000,0.6879,1.0000
12.6300,-16.0763,-3.7725,-3.5677,0.0028,0.0000,12.0903,22.1859,4.1258,0.0360,16.0000,0.6897,1.0000
12.6400,15.6206,12.6423,-8.7919,0.0026,0.0000,12.1593,22.1875,4.0335,0.0381,16.0000,0.6916,1.0000
12.6500,-7.3394,-12.9884,-15.1096,-0.0019,0.0000,12.2283,22.1891,3.9411,0.0369,16.0000,0.6934,1.0000
12.6600,-3.3084,10.7284,-0.7497,-0.0064,0.0000,12.0980,22.1907,3.8487,0.0357,16.0000,0.6953,1.0000
12.6700,13.7819,1.8650,-17.5113,-0.0023,0.0000,11.9676,22.1923,3.7563,0.0346,16.0000,0.6971,1.0000
12.6800,-16.1222,-12.6076,-6.4986,0.0018,0.0000,11.8373,22.1939,3.6639,0.0334,16.0000,0.6990,1.0000
12.6900,9.8738,13.4862,-4.9357,-0.0008,0.0000,11.7070,22.1955,3.5716,0.0349,16.0000,0.7008,1.0000
12.7000,1.4778,-9.9516,-18.2549,-0.0034,0.0000,11.5767,22.1971,3.4792,0.0364,16.0000,0.7027,1.0000
12.7100,-13.6827,1.0408,-0.9709,-0.0036,0.0000,11.4792,22.1953,3.4807,0.0380,16.0000,0.7046,1.0000
12.7200,15.9432,8.7601,-12.2979,-0.0039,0.0000,11.3817,22.1934,3.4823,0.0395,16.0000,0.7064,1.0000
12.7300,-12.5714,-13.7627,-12.9801,-0.0022,0.0000,11.2842,22.1916,3.4838,0.0378,16.0000,0.7083,1.0000
12.7400,1.4036,10.9376,-1.3502,-0.0004,0.0000,11.1867,22.1898,3.4854,0.0362,16.0000,0.7101,1.0000
12.7500,10.2236,-3.7961,-18.1990,-0.0003,0.0000,11.0892,22.1879,3.4869,0.0345,16.0000,0.7120,1.0000
12.7600,-16.8905,-5.6168,-4.6502,-0.0002,0.0000,11.0462,22.1861,3.4885,0.0329,16.0000,0.7138,1.0000
12.7700,14.0552,13.7927,-8.8527,0.0000,0.0000,11.0032,22.1843,3.4900,0.0324,16.0000,0.7157,1.0000
12.7800,-4.4775,-13.0375,-16.0647,0.0002,0.0000,10.9602,22.1824,3.4916,0.0319,16.0000,0.7175,1.0000
12.7900,-7.5311,5.3070,-0.2627,-0.0012,0.0000,10.9172,22.1806,3.4931,0.0313,16.0000,0.7194,1.0000
12.8000,15.3987,4.6061,-15.5274,-0.0025,0.0000,10.8742,22.1788,3.4947,0.0308,16.0000,0.7212,1.0000
12.8100,-15.2208,-13.8085,-10.2561,-0.0016,0.0000,10.9041,22.1819,3.4693,0.0300,16.0000,0.7214,1.0000
12.8200,6.6672,13.1883,-3.1021,-0.0006,0.0000,10.9341,22.1850,3.4440,0.0292,16.0000,0.7216,1.0000
12.8300,5.8597,-7.9053,-20.2008,-0.0011,0.0000,10.9640,22.1882,3.4186,0.0284,16.0000,0.7218,1.0000
12.8400,-14.6900,-2.4011,-3.1964,-0.0017,0.0000,10.9939,22.1913,3.3933,0.0275,16.0000,0.7220,1.0000
12.8500,15.8321,10.9923,-9.2366,-0.0013,0.0000,11.0239,22.1944,3.3680,0.0295,16.0000,0.7222,1.0000
12.8600,-10.5933,-14.7914,-14.5892,-0.0010,0.0000,10.9340,22.1976,3.3426,0.0314,16.0000,0.7224,1.0000
12.8700,-3.3001,9.2195,0.6439,-0.0008,0.0000,10.8441,22.2007,3.3173,0.0334,16.0000,0.7226,1.0000
12.8800,13.4534,0.2022,-17.0374,-0.0006,0.0000,10.7542,22.2038,3.2919,0.0354,16.0000,0.7228,1.0000
12.8900,-16.2727,-10.3438,-7.5434,0.0008,0.0000,10.6643,22.2069,3.2666,0.0320,16.0000,0.7230,1.0000
12.9000,11.9845,14.9031,-5.5155,0.0022,0.0000,10.5744,22.2101,3.2413,0.0286,16.0000,0.7232,1.0000
12.9100,0.0083,-11.1979,-18.3578,-0.0004,0.0000,10.4521,22.2044,3.3012,0.0252,16.0000,0.7234,1.0000
12.9200,-11.0970,2.3703,-0.6554,-0.0031,0.0000,10.3299,22.1988,3.3611,0.0218,16.0000,0.7235,1.0000
12.9300,17.2467,8.4479,-13.6080,-0.0014,0.0000,10.2077,22.1932,3.4211,0.0234,16.0000,0.7237,1.0000
12.9400,-13.9627,-14.7814,-12.4184,0.0003,0.0000,10.0855,22.1876,3.4810,0.0251,16.0000,0.7239,1.0000
12.9500,2.9822,12.3173,-1.9361,-0.0002,0.0000,9.9632,22.1819,3.5409,0.0267,16.0000,0.7241,1.0000
12.9600,9.2979,-5.2998,-19.9636,-0.0007,0.0000,9.9166,22.1763,3.6008,0.0283,16.0000,0.7243,1.0000
12.9700,-17.0448,-5.9304,-5.5481,0.0005,0.0000,9.8700,22.1707,3.6608,0.0306,16.0000,0.7245,1.0000
12.9800,14.2018,13.1472,-7.1018,0.0018,0.0000,9.8234,22.1650,3.7207,0.0329,16.0000,0.7247,1.0000
12.9900,-6.3013,-14.3224,-15.1259,0.0017,0.0000,9.7767,22.1594,3.7806,0.0353,16.0000,0.7249,1.0000
13.0000,-7.1080,7.3825,0.2023,0.0017,0.0000,9.7301,22.1538,3.8406,0.0376,16.0000,0.7251,1.0000
13.0100,15.6219,3.3569,-16.4543,0.0003,0.0000,9.6998,22.1449,3.9523,0.0345,16.0000,0.7261,1.0000
13.0200,-16.4980,-11.4227,-9.8491,-0.0011,0.0000,9.6695,22.1360,4.0641,0.0314,16.0000,0.7272,1.0000
13.0300,8.1109,14.4205,-3.9450,-0.0015,0.0000,9.6391,22.1270,4.1758,0.0283,16.0000,0.7282,1.0000
13.0400,4.1258,-9.0578,-19.1236,-0.0019,0.0000,9.6088,22.1181,4.2876,0.0252,16.0000,0.7293,1.0000
13.0500,-13.1895,-0.8956,-2.7313,-0.0006,0.0000,9.5785,22.1092,4.3993,0.0282,16.0000,0.7303,1.0000
13.0600,17.6523,9.5096,-10.8898,0.0006,0.0000,9.4980,22.1003,4.5111,0.0312,16.0000,0.7314,1.0000
13.0700,-11.1445,-14.1801,-14.7630,0.0016,0.0000,9.4174,22.0914,4.6229,0.0342,16.0000,0.7324,1.0000
13.0800,-1.5820,10.0782,-0.3258,0.0026,0.0000,9.3369,22.0825,4.7346,0.0372,16.0000,0.7335,1.0000
13.0900,11.7513,-1.3916,-16.9220,0.0021,0.0000,9.2564,22.0736,4.8464,0.0355,16.0000,0.7345,1.0000
13.1000,-17.0986,-8.7122,-6.6541,0.0016,0.0000,9.1758,22.0647,4.9581,0.0338,16.0000,0.7356,1.0000
13.1100,12.7667,13.2714,-5.1712,0.0038,0.0000,9.1662,22.0684,4.8437,0.0322,16.0000,0.7366,1.0000
13.1200,-2.4603,-12.3387,-17.1088,0.0061,0.0000,9.1565,22.0721,4.7293,0.0305,16.0000,0.7377,1.0000
13.1300,-9.9659,4.7444,-0.5788,0.0025,0.0000,9.1468,22.0758,4.6149,0.0326,16.0000,0.7387,1.0000
13.1400,16.4317,7.1283,-13.0902,-0.0010,0.0000,9.1371,22.0795,4.5005,0.0347,16.0000,0.7398,1.0000
13.1500,-14.3307,-14.6824,-10.7866,-0.0020,0.0000,9.1274,22.0832,4.3861,0.0369,16.0000,0.7408,1.0000
13.1600,6.5463,12.8724,-3.8214,-0.0029,0.0000,9.1615,22.0869,4.2717,0.0390,16.0000,0.7419,1.0000
13.1700,8.0957,-6.2449,-20.4646,-0.0001,0.0000,9.1956,22.0906,4.1573,0.0343,16.0000,0.7429,1.0000
13.1800,-16.2485,-4.4381,-3.3075,0.0028,0.0000,9.2297,22.0942,4.0429,0.0296,16.0000,0.7440,1.0000
13.1900,16.6049,12.7697,-10.1451,0.0022,0.0000,9.2637,22.0979,3.9285,0.0249,16.0000,0.7450,1.0000
13.2000,-7.3640,-13.8746,-16.4606,0.0016,0.0000,9.2978,22.1016,3.8140,0.0202,16.0000,0.7461,1.0000
13.2100,-3.8901,8.9208,0.4006,0.0013,0.0000,9.1970,22.1035,3.7941,0.0249,16.0000,0.7451,1.0000
13.2200,15.7570,1.5108,-18.2708,0.0011,0.0000,9.0962,22.1054,3.7741,0.0297,16.0000,0.7442,1.0000
13.2300,-16.7414,-10.8772,-9.5352,-0.0009,0.0000,8.9954,22.1072,3.7542,0.0344,16.0000,0.7433,1.0000
13.2400,9.7502,15.6391,-6.6226,-0.0030,0.0000,8.8947,22.1091,3.7342,0.0392,16.0000,0.7423,1.0000
13.2500,1.5973,-9.9233,-18.8968,-0.0019,0.0000,8.7939,22.1110,3.7143,0.0384,16.0000,0.7414,1.0000
13.2600,-13.6946,0.4696,-1.3721,-0.0009,0.0000,8.7291,22.1128,3.6943,0.0377,16.0000,0.7405,1.0000
13.2700,18.1215,9.8029,-13.3475,-0.0015,0.0000,8.6644,22.1147,3.6744,0.0369,16.0000,0.7395,1.0000
13.2800,-11.4620,-14.4838,-12.6853,-0.0020,0.0000,8.5996,22.1166,3.6544,0.0362,16.0000,0.7386,1.0000
13.2900,1.3381,11.0899,-1.8849,-0.0025,0.0000,8.5349,22.1184,3.6345,0.0374,16.0000,0.7376,1.0000
13.3000,10.4026,-3.1297,-18.6408,-0.0029,0.0000,8.4701,22.1203,3.6145,0.0387,16.0000,0.7367,1.0000
13.3100,-16.9981,-6.7229,-5.3712,-0.0021,0.0000,8.4013,22.1290,3.3953,0.0399,16.0000,0.7358,1.0000
13.3200,15.1826,13.6083,-7.2651,-0.0014,0.0000,8.3325,22.1377,3.1761,0.0412,16.0000,0.7348,1.0000
13.3300,-4.6741,-13.5061,-17.9689,-0.0004,0.0000,8.2637,22.1463,2.9569,0.0424,16.0000,0.7339,1.0000
13.3400,-8.1829,5.9916,-0.3564,0.0005,0.0000,8.1949,22.1550,2.7377,0.0436,16.0000,0.7330,1.0000
13.3500,15.4910,4.9562,-16.3937,-0.0008,0.0000,8.1261,22.1637,2.5184,0.0448,16.0000,0.7320,1.0000
13.3600,-15.0945,-12.5218,-11.2002,-0.0020,0.0000,8.1254,22.1724,2.2992,0.0460,16.0000,0.7311,1.0000
13.3700,5.8037,13.7945,-2.7399,0.0005,0.0000,8.1247,22.1811,2.0800,0.0422,16.0000,0.7302,1.0000
13.3800,5.6506,-8.2061,-19.4195,0.0031,0.0000,8.1241,22.1897,1.8608,0.0385,16.0000,0.7292,1.0000
13.3900,-14.6077,-2.5315,-3.9563,0.0002,0.0000,8.1234,22.1984,1.6416,0.0348,16.0000,0.7283,1.0000
13.4000,16.6905,11.9905,-10.2651,-0.0028,0.0000,8.1228,22.2071,1.4224,0.0311,16.0000,0.7273,1.0000
13.4100,-10.3465,-14.4513,-16.7071,-0.0002,0.0000,8.0938,22.1979,1.5558,0.0339,16.0000,0.7270,1.0000
13.4200,-2.9693,10.6574,-0.9340,0.0023,0.0000,8.0649,22.1886,1.6892,0.0367,16.0000,0.7267,1.0000
13.4300,13.2125,0.5452,-18.6049,-0.0004,0.0000,8.0359,22.1794,1.8226,0.0395,16.0000,0.7264,1.0000
13.4400,-16.5942,-9.8624,-7.5656,-0.0030,0.0000,8.0070,22.1702,1.9560,0.0423,16.0000,0.7261,1.0000
13.4500,12.4694,15.1080,-6.1233,-0.0007,0.0000,7.9780,22.1609,2.0894,0.0421,16.0000,0.7258,1.0000
13.4600,-0.6035,-11.7350,-19.6753,0.0015,0.0000,7.8499,22.1517,2.2228,0.0420,16.0000,0.7255,1.0000
13.4700,-11.8735,2.6423,-1.5125,0.0025,0.0000,7.7217,22.1425,2.3562,0.0419,16.0000,0.7251,1.0000
13.4800,17.5223,7.7999,-15.8622,0.0035,0.0000,7.5935,22.1332,2.4896,0.0417,16.0000,0.7248,1.0000
13.4900,-13.9685,-14.2794,-13.3646,0.0024,0.0000,7.4653,22.1240,2.6230,0.0408,16.0000,0.7245,1.0000
13.5000,3.0061,14.0064,-1.9582,0.0013,0.0000,7.3372,22.1148,2.7564,0.0398,16.0000,0.7242,1.0000
13.5100,8.6216,-4.6078,-19.0735,0.0013,0.0000,7.3574,22.1089,2.9103,0.0389,16.0000,0.7239,1.0000
13.5200,-16.8231,-5.5981,-3.5532,0.0013,0.0000,7.3776,22.1030,3.0641,0.0379,16.0000,0.7236,1.0000
13.5300,14.9140,13.3673,-8.2741,0.0016,0.0000,7.3978,22.0972,3.2180,0.0392,16.0000,0.7233,1.0000
13.5400,-5.8374,-13.0391,-17.8755,0.0019,0.0000,7.4180,22.0913,3.3719,0.0404,16.0000,0.7229,1.0000
13.5500,-5.4642,7.6646,-1.1908,0.0028,0.0000,7.4382,22.0854,3.5258,0.0417,16.0000,0.7226,1.0000
13.5600,15.0383,4.0205,-16.9175,0.0037,0.0000,7.4258,22.0795,3.6796,0.0429,16.0000,0.7223,1.0000
13.5700,-16.5019,-11.5657,-10.6416,0.0023,0.0000,7.4133,22.0737,3.8335,0.0463,16.0000,0.7220,1.0000
13.5800,8.3336,14.1220,-5.3119,0.0008,0.0000,7.4009,22.0678,3.9874,0.0497,16.0000,0.7217,1.0000
13.5900,4.3655,-9.9652,-17.3307,0.0000,0.0000,7.3884,22.0619,4.1413,0.0531,16.0000,0.7214,1.0000
13.6000,-12.7835,-0.2687,-3.2963,-0.0008,0.0000,7.3760,22.0560,4.2952,0.0565,16.0000,0.7211,1.0000
13.6100,17.4021,10.0268,-12.8308,-0.0019,0.0000,7.3113,22.0472,4.4534,0.0538,16.0000,0.7230,1.0000
13.6200,-11.8521,-14.6827,-15.0560,-0.0029,0.0000,7.2467,22.0383,4.6116,0.0512,16.0000,0.7249,1.0000
13.6300,0.2439,10.7252,-1.5315,0.0006,0.0000,7.1820,22.0295,4.7698,0.0485,16.0000,0.7267,1.0000
13.6400,10.7959,-2.1006,-19.1351,0.0041,0.0000,7.1174,22.0206,4.9280,0.0459,16.0000,0.7286,1.0000
13.6500,-18.5283,-9.2052,-7.1128,0.0038,0.0000,7.0527,22.0118,5.0862,0.0489,16.0000,0.7305,1.0000
13.6600,13.7450,14.6808,-7.2626,0.0035,0.0000,7.0004,22.0029,5.2444,0.0518,16.0000,0.7324,1.0000
13.6700,-2.3041,-11.7121,-18.0910,0.0019,0.0000,6.9482,21.9940,5.4027,0.0548,16.0000,0.7343,1.0000
13.6800,-9.5399,3.6273,-0.8398,0.0003,0.0000,6.8959,21.9852,5.5609,0.0578,16.0000,0.7362,1.0000
13.6900,15.5233,7.1810,-15.2507,0.0012,0.0000,6.8436,21.9763,5.7191,0.0550,16.0000,0.7381,1.0000
13.7000,-14.1868,-14.1645,-11.9323,0.0021,0.0000,6.7913,21.9675,5.8773,0.0521,16.0000,0.7400,1.0000
13.7100,4.7672,13.2032,-3.2316,0.0018,0.0000,6.6951,21.9775,5.6230,0.0493,16.0000,0.7419,1.0000
13.7200,7.9038,-6.8735,-20.5326,0.0015,0.0000,6.5989,21.9876,5.3687,0.0465,16.0000,0.7438,1.0000
13.7300,-15.6199,-3.5321,-5.4948,0.0006,0.0000,6.5026,21.9977,5.1143,0.0523,16.0000,0.7457,1.0000
13.7400,16.7852,12.2584,-10.6465,-0.0003,0.0000,6.4064,22.0078,4.8600,0.0581,16.0000,0.7476,1.0000
13.7500,-8.1074,-14.6145,-17.1053,-0.0005,0.0000,6.3102,22.0178,4.6057,0.0640,16.0000,0.7495,1.0000
13.7600,-5.1468,8.8752,-1.3371,-0.0007,0.0000,6.2705,22.0279,4.3514,0.0698,16.0000,0.7514,1.0000
13.7700,13.5705,1.1796,-17.7888,-0.0005,0.0000,6.2309,22.0380,4.0970,0.0697,16.0000,0.7533,1.0000
13.7800,-16.7098,-11.0286,-9.2854,-0.0004,0.0000,6.1912,22.0480,3.8427,0.0695,16.0000,0.7552,1.0000
13.7900,10.8199,14.5713,-4.0692,0.0021,0.0000,6.1515,22.0581,3.5884,0.0694,16.0000,0.7571,1.0000
13.8000,1.3996,-10.3599,-19.7780,0.0045,0.0000,6.1119,22.0682,3.3341,0.0692,16.0000,0.7590,1.0000
13.8100,-12.6509,1.3351,-1.7079,0.0016,0.0000,6.1382,22.0616,3.4461,0.0674,16.0000,0.7581,1.0000
13.8200,16.9763,10.9760,-13.2928,-0.0012,0.0000,6.1646,22.0549,3.5581,0.0656,16.0000,0.7572,1.0000
13.8300,-12.5312,-13.1318,-15.6380,0.0014,0.0000,6.1909,22.0483,3.6701,0.0638,16.0000,0.7563,1.0000
13.8400,1.6233,12.1116,-2.3026,0.0040,0.0000,6.2172,22.0417,3.7821,0.0620,16.0000,0.7554,1.0000
13.8500,10.4797,-3.7230,-18.4293,0.0016,0.0000,6.2436,22.0351,3.8941,0.0634,16.0000,0.7544,1.0000
13.8600,-16.7163,-7.4566,-6.8156,-0.0008,0.0000,6.1812,22.0285,4.0061,0.0648,16.0000,0.7535,1.0000
13.8700,13.8813,13.6363,-7.9956,-0.0018,0.0000,6.1189,22.0219,4.1181,0.0661,16.0000,0.7526,1.0000
13.8800,-4.0639,-13.9239,-19.1892,-0.0027,0.0000,6.0566,22.0153,4.2301,0.0675,16.0000,0.7517,1.0000
13.8900,-9.0704,5.1015,-1.9089,-0.0010,0.0000,5.9943,22.0087,4.3421,0.0688,16.0000,0.7508,1.0000
13.9000,16.1223,5.4747,-16.1243,0.0007,0.0000,5.9319,22.0021,4.4541,0.0701,16.0000,0.7499,1.0000
13.9100,-16.2233,-12.5192,-11.5063,0.0008,0.0000,5.8960,22.0003,4.5076,0.0714,16.0000,0.7490,1.0000
13.9200,6.6725,13.5366,-4.0176,0.0009,0.0000,5.8600,21.9986,4.5612,0.0728,16.0000,0.7480,1.0000
13.9300,6.0858,-7.4288,-19.2678,0.0010,0.0000,5.8240,21.9968,4.6147,0.0766,16.0000,0.7471,1.0000
13.9400,-15.7387,-2.4891,-5.0179,0.0011,0.0000,5.7881,21.9950,4.6683,0.0804,16.0000,0.7462,1.0000
13.9500,17.1642,11.3531,-11.0300,0.0012,0.0000,5.7521,21.9933,4.7218,0.0843,16.0000,0.7453,1.0000
13.9600,-9.0845,-14.8269,-17.8786,0.0013,0.0000,5.5569,21.9915,4.7754,0.0881,16.0000,0.7444,1.0000
13.9700,-2.9556,9.6390,-2.6096,-0.0005,0.0000,5.3617,21.9897,4.8289,0.0861,16.0000,0.7435,1.0000
13.9800,13.4410,0.7685,-19.4916,-0.0023,0.0000,5.1666,21.9880,4.8824,0.0840,16.0000,0.7426,1.0000
13.9900,-16.9947,-10.4055,-9.2159,-0.0005,0.0000,4.9714,21.9862,4.9360,0.0820,16.0000,0.7416,1.0000
14.0000,11.3818,14.3548,-6.6434,0.0013,0.0000,4.7763,21.9844,4.9895,0.0800,16.0000,0.7407,1.0000
14.0100,1.3351,-11.3085,-19.7620,0.0003,0.0000,4.8797,21.9671,5.3189,0.0792,16.0000,0.7388,1.0000
14.0200,-11.5898,1.6441,-2.1168,-0.0007,0.0000,4.9832,21.9498,5.6483,0.0785,16.0000,0.7368,1.0000
14.0300,16.9707,9.3569,-14.4972,0.0003,0.0000,5.0866,21.9325,5.9777,0.0777,16.0000,0.7349,1.0000
14.0400,-13.0347,-14.1106,-13.8490,0.0013,0.0000,5.1900,21.9151,6.3071,0.0770,16.0000,0.7329,1.0000
14.0500,2.4391,13.9219,-2.0069,0.0002,0.0000,5.2935,21.8978,6.6365,0.0798,16.0000,0.7309,1.0000
14.0600,9.6086,-5.4130,-19.0675,-0.0008,0.0000,5.2002,21.8805,6.9659,0.0827,16.0000,0.7290,1.0000
14.0700,-16.4702,-5.8398,-6.8790,-0.0008,0.0000,5.1070,21.8631,7.2953,0.0856,16.0000,0.7270,1.0000
14.0800,14.1548,12.8944,-8.8959,-0.0008,0.0000,5.0137,21.8458,7.6247,0.0885,16.0000,0.7251,1.0000
14.0900,-4.5366,-13.1537,-18.8164,-0.0020,0.0000,4.9205,21.8285,7.9541,0.0899,16.0000,0.7231,1.0000
14.1000,-6.7809,7.6952,-1.7604,-0.0033,0.0000,4.8272,21.8111,8.2835,0.0912,16.0000,0.7212,1.0000
14.1100,16.2185,4.2045,-18.2118,-0.0019,0.0000,4.7025,21.8202,8.0641,0.0926,16.0000,0.7192,1.0000
14.1200,-16.1190,-12.8516,-11.3070,-0.0006,0.0000,4.5778,21.8292,7.8447,0.0940,16.0000,0.7173,1.0000
14.1300,8.3158,12.9707,-4.7674,-0.0006,0.0000,4.4531,21.8382,7.6253,0.0947,16.0000,0.7153,1.0000
14.1400,4.0153,-9.1567,-20.2018,-0.0007,0.0000,4.3284,21.8472,7.4059,0.0953,16.0000,0.7133,1.0000
14.1500,-14.4323,-1.4441,-4.2226,0.0008,0.0000,4.2036,21.8562,7.1865,0.0960,16.0000,0.7114,1.0000
14.1600,16.7221,9.9246,-13.5484,0.0024,0.0000,4.2323,21.8652,6.9671,0.0967,16.0000,0.7094,1.0000
14.1700,-10.3436,-14.6551,-15.0722,-0.0000,0.0000,4.2609,21.8743,6.7477,0.0982,16.0000,0.7075,1.0000
14.1800,-3.1459,10.1487,-2.0123,-0.0024,0.0000,4.2895,21.8833,6.5283,0.0996,16.0000,0.7055,1.0000
14.1900,12.4180,-1.8489,-19.2017,-0.0014,0.0000,4.3181,21.8923,6.3089,0.1011,16.0000,0.7036,1.0000
14.2000,-15.5401,-8.8802,-9.1159,-0.0004,0.0000,4.3467,21.9013,6.0895,0.1025,16.0000,0.7016,1.0000
14.2100,12.6502,15.0855,-7.1411,0.0027,0.0000,4.2312,21.8967,6.1931,0.1035,16.0000,0.7022,1.0000
14.2200,-1.1443,-11.2711,-19.2703,0.0058,0.0000,4.1158,21.8920,6.2968,0.1044,16.0000,0.7028,1.0000
14.2300,-10.9559,2.4093,-2.7640,0.0043,0.0000,4.0003,21.8874,6.4005,0.1053,16.0000,0.7033,1.0000
14.2400,16.2707,8.2388,-17.3965,0.0029,0.0000,3.8848,21.8828,6.5042,0.1063,16.0000,0.7039,1.0000
14.2500,-13.7644,-13.2572,-13.6170,0.0023,0.0000,3.7693,21.8782,6.6078,0.1075,16.0000,0.7045,1.0000
14.2600,4.0062,13.1110,-3.1475,0.0017,0.0000,3.8417,21.8735,6.7115,0.1087,16.0000,0.7051,1.0000
14.2700,9.6408,-4.4958,-22.5169,0.0014,0.0000,3.9141,21.8689,6.8152,0.1100,16.0000,0.7057,1.0000
14.2800,-17.1546,-5.5695,-6.1111,0.0011,0.0000,3.9864,21.8643,6.9188,0.1112,16.0000,0.7062,1.0000
14.2900,14.6821,12.5426,-11.2243,0.0017,0.0000,4.0588,21.8596,7.0225,0.1129,16.0000,0.7068,1.0000
14.3000,-6.6425,-12.9403,-18.4064,0.0023,0.0000,4.1312,21.8550,7.1262,0.1145,16.0000,0.7074,1.0000
14.3100,-6.7267,6.1131,-1.3051,0.0022,0.0000,4.0364,21.8526,7.1367,0.1162,16.0000,0.7080,1.0000
14.3200,14.7096,3.8975,-18.3375,0.0021,0.0000,3.9416,21.8501,7.1473,0.1179,16.0000,0.7086,1.0000
14.3300,-16.2914,-11.8485,-10.6193,0.0023,0.0000,3.8469,21.8477,7.1579,0.1178,16.0000,0.7091,1.0000
14.3400,8.5148,14.2690,-5.9541,0.0026,0.0000,3.7521,21.8452,7.1684,0.1177,16.0000,0.7097,1.0000
14.3500,3.7730,-8.6595,-20.4582,0.0015,0.0000,3.6573,21.8427,7.1790,0.1176,16.0000,0.7103,1.0000
14.3600,-14.2319,-1.2844,-3.9060,0.0003,0.0000,3.6883,21.8403,7.1896,0.1175,16.0000,0.7109,1.0000
14.3700,17.5441,10.7404,-12.9101,-0.0008,0.0000,3.7194,21.8378,7.2001,0.1183,16.0000,0.7115,1.0000
14.3800,-9.5088,-14.3917,-16.3736,-0.0020,0.0000,3.7504,21.8354,7.2107,0.1191,16.0000,0.7120,1.0000
14.3900,-1.6549,11.7359,-2.2272,0.0002,0.0000,3.7814,21.8329,7.2213,0.1199,16.0000,0.7126,1.0000
14.4000,12.2220,-1.1588,-20.0269,0.0023,0.0000,3.8125,21.8305,7.2318,0.1207,16.0000,0.7132,1.0000
14.4100,-16.6459,-9.0713,-8.2929,0.0006,0.0000,3.7096,21.8246,7.3009,0.1240,16.0000,0.7147,1.0000
14.4200,13.0360,14.3212,-8.5805,-0.0011,0.0000,3.6067,21.8188,7.3700,0.1274,16.0000,0.7161,1.0000
14.4300,-1.4611,-11.9442,-20.0562,-0.0000,0.0000,3.5038,21.8129,7.4390,0.1308,16.0000,0.7176,1.0000
14.4400,-11.1573,3.6234,-1.6385,0.0011,0.0000,3.4009,21.8071,7.5081,0.1341,16.0000,0.7190,1.0000
14.4500,16.8784,6.8702,-14.7802,-0.0004,0.0000,3.2981,21.8013,7.5771,0.1351,16.0000,0.7205,1.0000
14.4600,-14.4651,-14.1055,-13.9113,-0.0018,0.0000,3.2909,21.7954,7.6462,0.1360,16.0000,0.7219,1.0000
14.4700,3.9285,13.8730,-2.5714,-0.0016,0.0000,3.2837,21.7896,7.7153,0.1369,16.0000,0.7234,1.0000
14.4800,8.6371,-5.5885,-19.7586,-0.0013,0.0000,3.2765,21.7837,7.7843,0.1378,16.0000,0.7248,1.0000
14.4900,-15.6395,-4.9673,-5.9335,-0.0008,0.0000,3.2693,21.7779,7.8534,0.1400,16.0000,0.7263,1.0000
14.5000,16.8350,13.2212,-10.7082,-0.0003,0.0000,3.2621,21.7721,7.9224,0.1423,16.0000,0.7277,1.0000
14.5100,-5.7251,-13.4397,-17.6367,0.0002,0.0000,3.1738,21.7681,8.0209,0.1445,16.0000,0.7292,1.0000
14.5200,-6.6883,7.2021,-1.3450,0.0007,0.0000,3.0855,21.7642,8.1194,0.1467,16.0000,0.7307,1.0000
14.5300,16.0981,3.0682,-16.0702,0.0001,0.0000,2.9972,21.7603,8.2179,0.1503,16.0000,0.7321,1.0000
14.5400,-15.1606,-11.8310,-10.5594,-0.0005,0.0000,2.9089,21.7564,8.3163,0.1539,16.0000,0.7336,1.0000
14.5500,8.2398,14.0701,-6.4829,0.0002,0.0000,2.8206,21.7525,8.4148,0.1575,16.0000,0.7350,1.0000
14.5600,3.7270,-9.6333,-21.3135,0.0009,0.0000,2.8209,21.7485,8.5133,0.1611,16.0000,0.7365,1.0000
14.5700,-14.5629,-1.5064,-2.6485,0.0022,0.0000,2.8211,21.7446,8.6118,0.1599,16.0000,0.7379,1.0000
14.5800,16.6306,11.4395,-11.4191,0.0036,0.0000,2.8214,21.7407,8.7102,0.1586,16.0000,0.7394,1.0000
14.5900,-10.2990,-14.0882,-16.2947,0.0001,0.0000,2.8217,21.7368,8.8087,0.1573,16.0000,0.7408,1.0000
14.6000,-1.6599,11.3042,-1.3967,-0.0034,0.0000,2.8220,21.7328,8.9072,0.1560,16.0000,0.7423,1.0000
14.6100,13.0648,-0.4421,-21.0409,-0.0019,0.0000,2.8008,21.7307,8.9078,0.1603,16.0000,0.7433,1.0000
14.6200,-16.8513,-7.9522,-7.9466,-0.0003,0.0000,2.7795,21.7285,8.9085,0.1646,16.0000,0.7442,1.0000
14.6300,13.2846,14.0011,-6.4640,0.0005,0.0000,2.7583,21.7264,8.9091,0.1689,16.0000,0.7452,1.0000
14.6400,-0.1278,-11.8264,-20.8952,0.0013,0.0000,2.7371,21.7242,8.9097,0.1732,16.0000,0.7462,1.0000
14.6500,-10.9312,3.2774,-2.9890,-0.0000,0.0000,2.7158,21.7221,8.9103,0.1712,16.0000,0.7472,1.0000
14.6600,16.9055,8.2841,-15.5068,-0.0013,0.0000,2.5825,21.7199,8.9110,0.1693,16.0000,0.7482,1.0000
14.6700,-12.7642,-14.4677,-14.7353,0.0012,0.0000,2.4492,21.7178,8.9116,0.1673,16.0000,0.7491,1.0000
14.6800,4.1066,12.7771,-4.2048,0.0038,0.0000,2.3158,21.7156,8.9122,0.1654,16.0000,0.7501,1.0000
14.6900,8.9415,-4.5138,-20.5290,0.0013,0.0000,2.1825,21.7135,8.9128,0.1670,16.0000,0.7511,1.0000
14.7000,-16.8804,-5.9901,-6.3022,-0.0011,0.0000,2.0492,21.7113,8.9135,0.1687,16.0000,0.7521,1.0000
14.7100,14.4227,12.9320,-10.6677,-0.0009,0.0000,2.0874,21.7035,9.1010,0.1703,16.0000,0.7531,1.0000
14.7200,-5.8825,-13.4514,-17.6979,-0.0007,0.0000,2.1256,21.6957,9.2885,0.1720,16.0000,0.7540,1.0000
14.7300,-6.3228,6.8605,-2.2213,-0.0007,0.0000,2.1639,21.6879,9.4760,0.1749,16.0000,0.7550,1.0000
14.7400,14.8416,4.7102,-18.4105,-0.0006,0.0000,2.2021,21.6802,9.6636,0.1778,16.0000,0.7560,1.0000
14.7500,-15.6446,-11.5091,-11.5739,-0.0000,0.0000,2.2404,21.6724,9.8511,0.1808,16.0000,0.7570,1.0000
14.7600,7.2340,15.3543,-5.6948,0.0006,0.0000,2.2314,21.6646,10.0386,0.1837,16.0000,0.7580,1.0000
14.7700,5.6924,-7.9519,-21.2795,0.0004,0.0000,2.2224,21.6568,10.2261,0.1858,16.0000,0.7589,1.0000
14.7800,-13.7201,-2.2130,-4.8245,0.0002,0.0000,2.2134,21.6490,10.4137,0.1879,16.0000,0.7599,1.0000
14.7900,18.1631,11.6306,-13.5720,0.0016,0.0000,2.2044,21.6412,10.6012,0.1900,16.0000,0.7609,1.0000
14.8000,-9.9336,-14.5385,-15.9447,0.0031,0.0000,2.1954,21.6334,10.7887,0.1920,16.0000,0.7619,1.0000
14.8100,-2.0564,9.9260,-2.5921,0.0050,0.0000,2.1430,21.6195,11.0237,0.1951,16.0000,0.7602,1.0000
14.8200,14.0269,-1.2012,-18.2922,0.0070,0.0000,2.0906,21.6056,11.2586,0.1982,16.0000,0.7585,1.0000
14.8300,-16.9152,-9.6524,-9.6426,0.0052,0.0000,2.0381,21.5917,11.4936,0.2012,16.0000,0.7568,1.0000
14.8400,11.4446,14.2839,-8.8500,0.0034,0.0000,1.9857,21.5778,11.7285,0.2043,16.0000,0.7551,1.0000
14.8500,0.8634,-11.9569,-20.2344,0.0027,0.0000,1.9333,21.5639,11.9634,0.2029,16.0000,0.7534,1.0000
14.8600,-13.6029,2.3436,-3.2515,0.0020,0.0000,1.7528,21.5499,12.1984,0.2014,16.0000,0.7517,1.0000
14.8700,16.8752,9.0676,-14.8070,0.0015,0.0000,1.5723,21.5360,12.4333,0.2000,16.0000,0.7501,1.0000
14.8800,-12.5439,-14.2747,-14.0012,0.0011,0.0000,1.3918,21.5221,12.6683,0.1986,16.0000,0.7484,1.0000
14.8900,1.7433,13.8132,-4.2840,0.0030,0.0000,1.2113,21.5082,12.9032,0.2027,16.0000,0.7467,1.0000
14.9000,10.8467,-4.3422,-20.2023,0.0050,0.0000,1.0308,21.4943,13.1382,0.2068,16.0000,0.7450,1.0000
14.9100,-17.1762,-6.5783,-8.3607,0.0021,0.0000,1.2024,21.4930,13.1585,0.2109,16.0000,0.7433,1.0000
14.9200,14.3248,12.8955,-9.3846,-0.0009,0.0000,1.3739,21.4917,13.1788,0.2150,16.0000,0.7416,1.0000
14.9300,-3.3682,-13.1192,-20.1356,0.0007,0.0000,1.5455,21.4905,13.1991,0.2155,16.0000,0.7399,1.0000
14.9400,-9.5023,6.3733,-3.9328,0.0024,0.0000,1.7170,21.4892,13.2194,0.2159,16.0000,0.7382,1.0000
14.9500,15.8687,4.8576,-18.8035,0.0012,0.0000,1.8886,21.4879,13.2398,0.2164,16.0000,0.7365,1.0000
14.9600,-15.5331,-13.0213,-13.1965,0.0001,0.0000,1.7852,21.4866,13.2601,0.2169,16.0000,0.7348,1.0000
14.9700,5.6342,13.5659,-6.2902,-0.0013,0.0000,1.6819,21.4853,13.2804,0.2223,16.0000,0.7331,1.0000
14.9800,5.9200,-7.6097,-21.2986,-0.0026,0.0000,1.5785,21.4841,13.3007,0.2277,16.0000,0.7315,1.0000
14.9900,-15.0752,-1.7504,-6.8204,-0.0015,0.0000,1.4752,21.4828,13.3210,0.2332,16.0000,0.7298,1.0000
15.0000,16.6851,13.5843,-13.3366,-0.0003,0.0000,1.3718,21.4815,13.3413,0.2386,16.0000,0.7281,1.0000
15.0100,-7.9998,-14.3795,-18.8468,-0.0004,0.0000,1.3034,21.4681,13.6307,0.2393,16.0000,0.7281,1.0000
15.0200,-4.3471,9.1061,-2.9467,-0.0006,0.0000,1.2349,21.4547,13.9200,0.2400,16.0000,0.7281,1.0000
15.0300,14.2408,0.9362,-18.3226,-0.0011,0.0000,1.1665,21.4414,14.2094,0.2408,16.0000,0.7281,1.0000
15.0400,-16.4157,-10.8498,-10.9549,-0.0016,0.0000,1.0981,21.4280,14.4987,0.2415,16.0000,0.7280,1.0000
15.0500,10.2960,14.5361,-6.5695,-0.0006,0.0000,1.0296,21.4146,14.7881,0.2419,16.0000,0.7280,1.0000
15.0600,2.8004,-10.9590,-20.6622,0.0004,0.0000,1.0544,21.4012,15.0774,0.2423,16.0000,0.7280,1.0000
15.0700,-13.2055,0.1909,-4.4783,-0.0028,0.0000,1.0792,21.3878,15.3668,0.2427,16.0000,0.7280,1.0000
15.0800,17.7766,9.6672,-14.8416,-0.0059,0.0000,1.1039,21.3744,15.6561,0.2430,16.0000,0.7280,1.0000
15.0900,-12.1192,-14.7156,-16.3877,-0.0029,0.0000,1.1287,21.3610,15.9454,0.2481,16.0000,0.7280,1.0000
15.1000,0.1162,11.4823,-2.5195,0.0001,0.0000,1.1535,21.3477,16.2348,0.2531,16.0000,0.7280,1.0000
15.1100,11.2319,-1.4665,-19.7016,0.0009,0.0000,1.1822,21.3464,16.2338,0.2581,16.0000,0.7280,1.0000
15.1200,-16.7248,-9.1979,-8.6910,0.0018,0.0000,1.2108,21.3452,16.2329,0.2632,16.0000,0.7280,1.0000
15.1300,12.7663,14.2807,-9.2696,0.0014,0.0000,1.2395,21.3440,16.2319,0.2649,16.0000,0.7280,1.0000
15.1400,-2.1470,-11.1880,-20.6818,0.0011,0.0000,1.2682,21.3428,16.2309,0.2667,16.0000,0.7280,1.0000
15.1500,-9.9435,4.3080,-3.6099,0.0008,0.0000,1.2969,21.3416,16.2300,0.2685,16.0000,0.7279,1.0000
15.1600,17.4363,7.5910,-16.7273,0.0004,0.0000,1.2495,21.3404,16.2290,0.2703,16.0000,0.7279,1.0000
15.1700,-12.7198,-13.3997,-14.7170,0.0019,0.0000,1.2022,21.3391,16.2280,0.2716,16.0000,0.7279,1.0000
15.1800,3.5854,12.4440,-3.8952,0.0034,0.0000,1.1548,21.3379,16.2271,0.2729,16.0000,0.7279,1.0000
15.1900,9.1772,-7.6092,-21.0340,-0.0010,0.0000,1.1074,21.3367,16.2261,0.2742,16.0000,0.7279,1.0000
15.2000,-16.4634,-5.0617,-6.7771,-0.0054,0.0000,1.0600,21.3355,16.2251,0.2755,16.0000,0.7279,1.0000
15.2100,15.4182,12.8656,-10.6111,-0.0023,0.0000,1.0183,21.3243,16.4363,0.2744,16.0000,0.7261,1.0000
15.2200,-5.4429,-14.8798,-19.0188,0.0009,0.0000,0.9766,21.3132,16.6474,0.2732,16.0000,0.7243,1.0000
15.2300,-7.7359,6.7561,-3.5012,0.0004,0.0000,0.9348,21.3020,16.8585,0.2721,16.0000,0.7225,1.0000
15.2400,16.0983,4.6629,-19.3368,-0.0000,0.0000,0.8931,21.2908,17.0696,0.2709,16.0000,0.7208,1.0000
15.2500,-17.0906,-13.1350,-11.6710,0.0004,0.0000,0.8514,21.2797,17.2807,0.2756,16.0000,0.7190,1.0000
15.2600,7.8339,14.5732,-4.0988,0.0009,0.0000,0.8254,21.2685,17.4918,0.2803,16.0000,0.7172,1.0000
15.2700,4.7577,-7.9860,-21.6609,0.0000,0.0000,0.7994,21.2574,17.7029,0.2849,16.0000,0.7154,1.0000
15.2800,-13.7856,-1.7777,-5.6265,-0.0008,0.0000,0.7734,21.2462,17.9140,0.2896,16.0000,0.7136,1.0000
15.2900,16.4549,11.1833,-13.1476,-0.0002,0.0000,0.7474,21.2350,18.1251,0.2916,16.0000,0.7118,1.0000
15.3000,-9.2080,-13.5724,-18.0202,0.0005,0.0000,0.7215,21.2239,18.3362,0.2937,16.0000,0.7100,1.0000
15.3100,-2.3089,9.2908,-2.2569,0.0006,0.0000,0.6866,21.2170,18.4787,0.2957,16.0000,0.7082,1.0000
15.3200,14.6177,-0.0517,-20.6988,0.0007,0.0000,0.6517,21.2102,18.6211,0.2978,16.0000,0.7065,1.0000
15.3300,-15.2799,-10.1355,-11.1164,0.0009,0.0000,0.6168,21.2033,18.7635,0.3042,16.0000,0.7047,1.0000
15.3400,10.9439,13.8138,-8.0590,0.0011,0.0000,0.5819,21.1965,18.9060,0.3106,16.0000,0.7029,1.0000
15.3500,0.3742,-10.9814,-20.8588,0.0020,0.0000,0.5470,21.1896,19.0484,0.3170,16.0000,0.7011,1.0000
15.3600,-12.7281,0.7576,-4.2408,0.0028,0.0000,0.5354,21.1828,19.1909,0.3235,16.0000,0.6993,1.0000
15.3700,16.6665,8.4899,-16.5770,0.0020,0.0000,0.5238,21.1759,19.3333,0.3221,16.0000,0.6975,1.0000
15.3800,-11.5279,-14.6472,-15.6077,0.0012,0.0000,0.5122,21.1691,19.4757,0.3206,16.0000,0.6957,1.0000
15.3900,1.5871,10.9936,-3.5462,0.0022,0.0000,0.5005,21.1622,19.6182,0.3192,16.0000,0.6940,1.0000
15.4000,11.3044,-2.3684,-22.1872,0.0032,0.0000,0.4889,21.1554,19.7606,0.3178,16.0000,0.6922,1.0000
15.4100,-16.4726,-8.5592,-8.9687,0.0009,0.0000,0.5674,21.1380,20.0895,0.3217,16.0000,0.6937,1.0000
15.4200,13.8893,14.9489,-10.4910,-0.0014,0.0000,0.6458,21.1207,20.4184,0.3256,16.0000,0.6952,1.0000
15.4300,-2.4034,-12.3401,-21.5949,0.0003,0.0000,0.7242,21.1033,20.7473,0.3295,16.0000,0.6968,1.0000
15.4400,-9.1216,4.6156,-4.8799,0.0020,0.0000,0.8027,21.0860,21.0762,0.3334,16.0000,0.6983,1.0000
15.4500,17.4618,5.6413,-17.5720,0.0010,0.0000,0.8811,21.0687,21.4051,0.3352,16.0000,0.6998,1.0000
15.4600,-14.6350,-13.8469,-14.4905,0.0001,0.0000,0.8212,21.0513,21.7340,0.3369,16.0000,0.7014,1.0000
15.4700,3.5043,12.1242,-5.5023,0.0010,0.0000,0.7614,21.0340,22.0629,0.3386,16.0000,0.7029,1.0000
15.4800,7.0630,-5.5815,-21.6604,0.0020,0.0000,0.7015,21.0166,22.3918,0.3403,16.0000,0.7044,1.0000
15.4900,-15.4838,-5.2789,-6.7965,0.0023,0.0000,0.6417,20.9993,22.7207,0.3413,16.0000,0.7060,1.0000
15.5000,14.5698,12.4556,-11.8564,0.0025,0.0000,0.5818,20.9820,23.0496,0.3423,16.0000,0.7075,1.0000
15.5100,-6.0611,-13.6699,-20.4646,0.0017,0.0000,0.4979,20.9713,23.2950,0.3433,16.0000,0.7091,1.0000
15.5200,-7.6796,5.9395,-3.7929,0.0009,0.0000,0.4141,20.9607,23.5405,0.3443,16.0000,0.7106,1.0000
15.5300,14.4814,4.1031,-19.4132,0.0006,0.0000,0.3302,20.9501,23.7859,0.3505,16.0000,0.7121,1.0000
15.5400,-16.4106,-11.2855,-12.3635,0.0003,0.0000,0.2464,20.9394,24.0314,0.3567,16.0000,0.7137,1.0000
15.5500,7.6153,14.2568,-7.1012,-0.0013,0.0000,0.1625,20.9288,24.2768,0.3629,16.0000,0.7152,1.0000
15.5600,5.9885,-8.3388,-22.8378,-0.0029,0.0000,0.1782,20.9182,24.5223,0.3691,16.0000,0.7167,1.0000
15.5700,-14.0713,-2.7430,-6.4184,-0.0003,0.0000,0.1939,20.9075,24.7677,0.3718,16.0000,0.7183,1.0000
15.5800,17.3626,12.8213,-13.7066,0.0023,0.0000,0.2097,20.8969,25.0131,0.3746,16.0000,0.7198,1.0000
15.5900,-9.7138,-13.8051,-18.5843,0.0031,0.0000,0.2254,20.8863,25.2586,0.3773,16.0000,0.7213,1.0000
15.6000,-2.4294,8.4151,-3.2842,0.0039,0.0000,0.2411,20.8756,25.5040,0.3800,16.0000,0.7229,1.0000
15.6100,14.0757,1.4654,-19.8421,0.0017,0.0000,0.2705,20.8672,25.6184,0.3814,16.0000,0.7243,1.0000
15.6200,-17.0628,-11.2164,-11.7673,-0.0006,0.0000,0.2999,20.8587,25.7328,0.3828,16.0000,0.7257,1.0000
15.6300,10.4619,13.3198,-8.0982,0.0009,0.0000,0.3293,20.8503,25.8472,0.3841,16.0000,0.7271,1.0000
15.6400,1.6386,-10.3439,-21.5879,0.0024,0.0000,0.3587,20.8418,25.9615,0.3855,16.0000,0.7285,1.0000
15.6500,-12.9303,-0.0573,-4.3600,0.0001,0.0000,0.3882,20.8333,26.0759,0.3862,16.0000,0.7299,1.0000
15.6600,17.0434,9.7700,-14.6812,-0.0022,0.0000,0.3394,20.8249,26.1903,0.3868,16.0000,0.7312,1.0000
15.6700,-11.6975,-13.3109,-16.6710,0.0013,0.0000,0.2906,20.8164,26.3046,0.3875,16.0000,0.7326,1.0000
15.6800,-0.4537,11.3976,-3.3099,0.0048,0.0000,0.2418,20.8079,26.4190,0.3882,16.0000,0.7340,1.0000
15.6900,10.1057,-1.2647,-21.0591,0.0036,0.0000,0.1931,20.7995,26.5334,0.3916,16.0000,0.7354,1.0000
15.7000,-16.5204,-8.0296,-8.0537,0.0023,0.0000,0.1443,20.7910,26.6478,0.3951,16.0000,0.7368,1.0000
15.7100,13.5913,14.7116,-9.6821,0.0001,0.0000,0.1204,20.7788,26.8596,0.3986,16.0000,0.7382,1.0000
15.7200,-1.6783,-12.8070,-22.0145,-0.0020,0.0000,0.0964,20.7666,27.0715,0.4021,16.0000,0.7396,1.0000
15.7300,-11.2563,3.2923,-3.4903,0.0004,0.0000,0.0725,20.7544,27.2833,0.4019,16.0000,0.7410,1.0000
15.7400,15.7996,6.7168,-16.9301,0.0029,0.0000,0.0486,20.7423,27.4952,0.4018,16.0000,0.7424,1.0000
15.7500,-14.1526,-14.4236,-15.3144,0.0006,0.0000,0.0246,20.7301,27.7070,0.4016,16.0000,0.7438,1.0000
15.7600,3.7347,13.1353,-4.2965,-0.0017,0.0000,0.0122,20.7179,27.9189,0.4015,16.0000,0.7452,1.0000
15.7700,9.9461,-4.5961,-22.8020,0.0008,0.0000,-0.0003,20.7057,28.1307,0.4062,16.0000,0.7466,1.0000
15.7800,-16.5651,-5.9971,-7.8370,0.0033,0.0000,-0.0127,20.6935,28.3426,0.4108,16.0000,0.7480,1.0000
15.7900,15.7534,12.9980,-10.0127,0.0011,0.0000,-0.0252,20.6813,28.5544,0.4155,16.0000,0.7494,1.0000
15.8000,-4.9406,-13.4370,-19.3999,-0.0010,0.0000,-0.0377,20.6691,28.7663,0.4202,16.0000,0.7508,1.0000
15.8100,-8.7512,5.7634,-3.1013,-0.0002,0.0000,0.0211,20.6635,28.8973,0.4245,16.0000,0.7496,1.0000
15.8200,16.1249,5.3857,-19.2915,0.0006,0.0000,0.0798,20.6580,29.0284,0.4288,16.0000,0.7485,1.0000
15.8300,-15.0438,-12.5827,-15.0687,0.0013,0.0000,0.1386,20.6524,29.1594,0.4331,16.0000,0.7473,1.0000
15.8400,6.7586,14.9142,-6.4340,0.0019,0.0000,0.1974,20.6468,29.2905,0.4374,16.0000,0.7461,1.0000
15.8500,5.6454,-7.1736,-23.0082,0.0001,0.0000,0.2561,20.6412,29.4215,0.4355,16.0000,0.7449,1.0000
15.8600,-15.1740,-4.0745,-6.2167,-0.0016,0.0000,0.1550,20.6356,29.5526,0.4336,16.0000,0.7438,1.0000
15.8700,16.3168,12.3125,-14.4097,-0.0003,0.0000,0.0538,20.6301,29.6836,0.4317,16.0000,0.7426,1.0000
15.8800,-8.1542,-14.5858,-20.2290,0.0009,0.0000,-0.0473,20.6245,29.8147,0.4298,16.0000,0.7414,1.0000
15.8900,-4.5370,6.9777,-2.2330,0.0009,0.0000,-0.1485,20.6189,29.9457,0.4333,16.0000,0.7402,1.0000
15.9000,14.1216,1.8571,-19.4329,0.0009,0.0000,-0.2496,20.6133,30.0768,0.4367,16.0000,0.7391,1.0000
15.9100,-17.4432,-11.9328,-12.1604,-0.0012,0.0000,-0.2262,20.5939,30.5353,0.4401,16.0000,0.7379,1.0000
15.9200,8.2330,14.6560,-6.3021,-0.0032,0.0000,-0.2028,20.5744,30.9939,0.4435,16.0000,0.7367,1.0000
15.9300,2.4814,-8.2007,-20.5772,-0.0020,0.0000,-0.1795,20.5550,31.4525,0.4491,16.0000,0.7355,1.0000
15.9400,-13.8615,-0.8411,-5.8878,-0.0008,0.0000,-0.1561,20.5355,31.9110,0.4547,16.0000,0.7344,1.0000
15.9500,17.1574,11.3100,-14.5936,0.0001,0.0000,-0.1327,20.5160,32.3696,0.4603,16.0000,0.7332,1.0000
15.9600,-10.1011,-15.1336,-18.2655,0.0011,0.0000,-0.0900,20.4966,32.8282,0.4658,16.0000,0.7320,1.0000
15.9700,-1.9534,10.3984,-1.6687,0.0012,0.0000,-0.0473,20.4771,33.2867,0.4703,16.0000,0.7309,1.0000
15.9800,13.9219,-0.4673,-21.9434,0.0013,0.0000,-0.0046,20.4577,33.7453,0.4747,16.0000,0.7297,1.0000
15.9900,-17.5140,-9.7144,-10.7352,0.0011,0.0000,0.0381,20.4382,34.2039,0.4791,16.0000,0.7285,1.0000
16.0000,11.2913,14.1665,-7.3948,0.0009,0.0000,0.0808,20.4188,34.6624,0.4836,16.0000,0.7273,1.0000
16.0100,1.0090,-12.0782,-19.4177,0.0010,0.0000,0.0753,20.4163,34.6523,0.4847,16.0000,0.7258,1.0000
16.0200,-12.2238,2.1609,-1.4385,0.0010,0.0000,0.0699,20.4139,34.6422,0.4859,16.0000,0.7243,1.0000
16.0300,15.9724,8.8443,-12.1635,-0.0002,0.0000,0.0645,20.4115,34.6320,0.4870,16.0000,0.7227,1.0000
16.0400,-12.7724,-13.8887,-13.1805,-0.0015,0.0000,0.0591,20.4090,34.6219,0.4882,16.0000,0.7212,1.0000
16.0500,0.8781,12.0874,-0.9469,-0.0006,0.0000,0.0536,20.4066,34.6118,0.4845,16.0000,0.7196,1.0000
16.0600,11.1112,-2.8368,-19.2367,0.0002,0.0000,0.0646,20.4042,34.6016,0.4808,16.0000,0.7181,1.0000
16.0700,-16.7325,-8.0579,-6.1187,0.0010,0.0000,0.0756,20.4017,34.5915,0.4771,16.0000,0.7166,1.0000
16.0800,14.1296,13.6608,-6.5479,0.0017,0.0000,0.0867,20.3993,34.5814,0.4735,16.0000,0.7150,1.0000
16.0900,-2.4412,-12.5966,-17.5928,0.0018,0.0000,0.0977,20.3969,34.5712,0.4734,16.0000,0.7135,1.0000
16.1000,-9.9021,5.1904,-2.2610,0.0019,0.0000,0.1087,20.3944,34.5611,0.4734,16.0000,0.7119,1.0000
16.1100,16.5632,6.7986,-15.2824,-0.0005,0.0000,0.1725,20.3946,34.5035,0.4734,16.0000,0.7104,1.0000
16.1200,-13.6614,-13.4397,-12.1938,-0.0030,0.0000,0.2363,20.3948,34.4459,0.4734,16.0000,0.7089,1.0000
16.1300,3.6487,13.5507,-2.1587,-0.0008,0.0000,0.3001,20.3950,34.3883,0.4735,16.0000,0.7073,1.0000
16.1400,8.4006,-5.2535,-19.8384,0.0014,0.0000,0.3639,20.3952,34.3307,0.4736,16.0000,0.7058,1.0000
16.1500,-16.9999,-5.4794,-4.1640,0.0019,0.0000,0.4277,20.3954,34.2731,0.4737,16.0000,0.7042,1.0000
16.1600,14.8096,12.4701,-8.6509,0.0024,0.0000,0.3511,20.3956,34.2155,0.4739,16.0000,0.7027,1.0000
16.1700,-4.6657,-13.7784,-17.4240,0.0008,0.0000,0.2745,20.3957,34.1579,0.4765,16.0000,0.7012,1.0000
16.1800,-8.1983,5.7585,-1.4999,-0.0007,0.0000,0.1979,20.3959,34.1003,0.4792,16.0000,0.6996,1.0000
16.1900,14.8053,3.8222,-15.7210,0.0011,0.0000,0.1213,20.3961,34.0427,0.4819,16.0000,0.6981,1.0000
16.2000,-15.1092,-12.3130,-9.7788,0.0029,0.0000,0.0448,20.3963,33.9851,0.4846,16.0000,0.6965,1.0000
16.2100,7.7435,14.3433,-3.1280,0.0019,0.0000,0.0082,20.3997,33.9257,0.4812,16.0000,0.6988,1.0000
16.2200,7.1807,-6.3843,-18.1680,0.0008,0.0000,-0.0283,20.4031,33.8662,0.4777,16.0000,0.7010,1.0000
16.2300,-14.2790,-3.1079,-3.6172,0.0019,0.0000,-0.0648,20.4065,33.8067,0.4743,16.0000,0.7032,1.0000
16.2400,14.7474,12.2274,-9.9950,0.0029,0.0000,-0.1014,20.4099,33.7473,0.4708,16.0000,0.7055,1.0000
16.2500,-7.7220,-13.4796,-16.3872,0.0028,0.0000,-0.1379,20.4134,33.6878,0.4718,16.0000,0.7077,1.0000
16.2600,-4.2151,8.1229,-0.1719,0.0027,0.0000,-0.0984,20.4168,33.6283,0.4727,16.0000,0.7099,1.0000
16.2700,15.0688,2.3976,-16.6097,0.0020,0.0000,-0.0589,20.4202,33.5688,0.4736,16.0000,0.7122,1.0000
16.2800,-16.8362,-11.0939,-9.6709,0.0013,0.0000,-0.0194,20.4236,33.5094,0.4746,16.0000,0.7144,1.0000
16.2900,8.4853,14.3141,-4.4596,0.0019,0.0000,0.0201,20.4270,33.4499,0.4789,16.0000,0.7166,1.0000
16.3000,2.4896,-8.5671,-17.7549,0.0025,0.0000,0.0596,20.4304,33.3904,0.4832,16.0000,0.7189,1.0000
16.3100,-15.1269,0.2891,-2.8228,-0.0006,0.0000,0.0672,20.4230,33.4862,0.4876,16.0000,0.7211,1.0000
16.3200,17.9817,10.7395,-11.1821,-0.0037,0.0000,0.0747,20.4157,33.5819,0.4919,16.0000,0.7233,1.0000
16.3300,-10.5319,-14.2967,-14.0922,0.0004,0.0000,0.0822,20.4083,33.6777,0.4875,16.0000,0.7256,1.0000
16.3400,-2.2983,9.4645,0.0101,0.0045,0.0000,0.0898,20.4010,33.7734,0.4830,16.0000,0.7278,1.0000
16.3500,13.0131,-0.2588,-17.4832,0.0021,0.0000,0.0973,20.3936,33.8692,0.4786,16.0000,0.7300,1.0000
16.3600,-16.8854,-10.0210,-7.1958,-0.0004,0.0000,0.0290,20.3862,33.9650,0.4741,16.0000,0.7323,1.0000
16.3700,11.5739,14.8410,-4.7411,0.0010,0.0000,-0.0393,20.3789,34.0607,0.4757,16.0000,0.7345,1.0000
16.3800,1.2424,-10.0712,-18.1023,0.0024,0.0000,-0.1076,20.3715,34.1565,0.4772,16.0000,0.7367,1.0000
16.3900,-11.6970,1.3823,-1.9168,0.0013,0.0000,-0.1758,20.3642,34.2522,0.4788,16.0000,0.7390,1.0000
16.4000,17.2818,8.0858,-12.6743,0.0002,0.0000,-0.2441,20.3568,34.3480,0.4803,16.0000,0.7412,1.0000
16.4100,-11.3378,-14.4654,-14.6022,-0.0009,0.0000,-0.2194,20.3510,34.4898,0.4813,16.0000,0.7425,1.0000
16.4200,-0.1955,10.8920,-0.1487,-0.0019,0.0000,-0.1946,20.3452,34.6316,0.4822,16.0000,0.7438,1.0000
16.4300,10.2772,-1.8991,-18.8533,-0.0017,0.0000,-0.1699,20.3394,34.7734,0.4831,16.0000,0.7452,1.0000
16.4400,-17.0724,-8.1175,-5.6589,-0.0014,0.0000,-0.1451,20.3337,34.9151,0.4841,16.0000,0.7465,1.0000
16.4500,12.5705,13.5784,-5.6017,-0.0006,0.0000,-0.1204,20.3279,35.0569,0.4828,16.0000,0.7478,1.0000
16.4600,-1.6209,-12.5351,-17.3065,0.0002,0.0000,-0.1780,20.3221,35.1987,0.4815,16.0000,0.7491,1.0000
16.4700,-9.8989,3.9478,-1.1634,0.0002,0.0000,-0.2357,20.3163,35.3405,0.4803,16.0000,0.7504,1.0000
16.4800,17.8549,7.8491,-14.0233,0.0002,0.0000,-0.2934,20.3105,35.4823,0.4790,16.0000,0.7518,1.0000
16.4900,-13.1461,-13.9660,-12.5150,-0.0001,0.0000,-0.3511,20.3047,35.6241,0.4828,16.0000,0.7531,1.0000
16.5000,3.2960,13.6252,-1.4712,-0.0004,0.0000,-0.4087,20.2989,35.7659,0.4866,16.0000,0.7544,1.0000
16.5100,9.3081,-6.0482,-19.1502,-0.0005,0.0000,-0.2156,20.2985,35.7296,0.4903,16.0000,0.7557,1.0000
16.5200,-16.1843,-5.9219,-3.8700,-0.0005,0.0000,-0.0224,20.2980,35.6934,0.4941,16.0000,0.7570,1.0000
16.5300,14.7320,13.0200,-8.0217,-0.0011,0.0000,0.1708,20.2975,35.6571,0.4909,16.0000,0.7583,1.0000
16.5400,-4.1077,-13.1165,-17.3904,-0.0018,0.0000,0.3640,20.2971,35.6209,0.4877,16.0000,0.7597,1.0000
16.5500,-7.6086,5.4544,-1.1123,-0.0023,0.0000,0.5571,20.2966,35.5847,0.4845,16.0000,0.7610,1.0000
16.5600,16.1723,4.3168,-16.2866,-0.0028,0.0000,0.4249,20.2962,35.5484,0.4813,16.0000,0.7623,1.0000
16.5700,-16.1313,-13.1161,-9.8654,-0.0025,0.0000,0.2927,20.2957,35.5122,0.4820,16.0000,0.7636,1.0000
16.5800,4.7568,14.2809,-2.2183,-0.0023,0.0000,0.1605,20.2953,35.4759,0.4827,16.0000,0.7649,1.0000
16.5900,7.3576,-5.8525,-18.6279,-0.0013,0.0000,0.0282,20.2948,35.4397,0.4834,16.0000,0.7663,1.0000
16.6000,-15.2872,-3.8033,-4.1596,-0.0003,0.0000,-0.1040,20.2943,35.4034,0.4841,16.0000,0.7676,1.0000
16.6100,17.4242,13.3810,-9.2979,0.0015,0.0000,-0.0301,20.2953,35.3947,0.4869,16.0000,0.7642,1.0000
16.6200,-7.8614,-14.7272,-17.1627,0.0033,0.0000,0.0438,20.2962,35.3860,0.4898,16.0000,0.7609,1.0000
16.6300,-4.8651,7.1742,-0.3477,0.0005,0.0000,0.1177,20.2971,35.3772,0.4927,16.0000,0.7576,1.0000
16.6400,14.7322,2.2829,-16.0507,-0.0023,0.0000,0.1916,20.2980,35.3685,0.4956,16.0000,0.7542,1.0000
16.6500,-16.3620,-12.0571,-9.8037,-0.0003,0.0000,0.2655,20.2990,35.3597,0.4916,16.0000,0.7509,1.0000
16.6600,9.2386,14.0827,-3.6564,0.0017,0.0000,0.2683,20.2999,35.3510,0.4877,16.0000,0.7475,1.0000
16.6700,4.1107,-9.2927,-20.9113,0.0002,0.0000,0.2711,20.3008,35.3423,0.4837,16.0000,0.7442,1.0000
16.6800,-14.1778,-2.1241,-4.2508,-0.0014,0.0000,0.2739,20.3018,35.3335,0.4798,16.0000,0.7408,1.0000
16.6900,15.0182,11.4194,-11.1195,-0.0012,0.0000,0.2767,20.3027,35.3248,0.4808,16.0000,0.7375,1.0000
16.7000,-9.5047,-15.2505,-16.5174,-0.0009,0.0000,0.2796,20.3036,35.3161,0.4818,16.0000,0.7342,1.0000
16.7100,-4.1510,10.3025,-0.1725,0.0010,0.0000,0.2245,20.2986,35.3677,0.4828,16.0000,0.7308,1.0000
16.7200,13.2008,1.1235,-16.6092,0.0029,0.0000,0.1694,20.2936,35.4194,0.4838,16.0000,0.7275,1.0000
16.7300,-16.3764,-10.8972,-8.4135,0.0002,0.0000,0.1144,20.2886,35.4710,0.4826,16.0000,0.7241,1.0000
16.7400,10.6346,15.1032,-6.4576,-0.0025,0.0000,0.0593,20.2836,35.5227,0.4814,16.0000,0.7208,1.0000
16.7500,2.3951,-10.3967,-17.0588,-0.0009,0.0000,0.0043,20.2786,35.5743,0.4802,16.0000,0.7175,1.0000
16.7600,-13.0975,0.7715,-1.6388,0.0006,0.0000,0.0239,20.2736,35.6259,0.4790,16.0000,0.7141,1.0000
16.7700,18.5750,9.1744,-12.9786,0.0002,0.0000,0.0435,20.2686,35.6776,0.4828,16.0000,0.7108,1.0000
16.7800,-11.1978,-14.5534,-15.0215,-0.0002,0.0000,0.0632,20.2636,35.7292,0.4867,16.0000,0.7074,1.0000
16.7900,-0.9094,10.3215,-1.3705,-0.0000,0.0000,0.0828,20.2586,35.7809,0.4905,16.0000,0.7041,1.0000
16.8000,11.3015,-1.8318,-18.4993,0.0001,0.0000,0.1024,20.2536,35.8325,0.4943,16.0000,0.7008,1.0000
16.8100,-16.8899,-7.8606,-7.2137,-0.0004,0.0000,0.1096,20.2524,35.8154,0.4918,16.0000,0.7000,1.0000
16.8200,12.9117,13.6023,-5.9087,-0.0010,0.0000,0.1169,20.2512,35.7982,0.4892,16.0000,0.6993,1.0000
16.8300,-1.8781,-12.1212,-18.8225,-0.0004,0.0000,0.1241,20.2500,35.7810,0.4866,16.0000,0.6985,1.0000
16.8400,-12.2616,1.7361,-1.3548,0.0002,0.0000,0.1313,20.2488,35.7638,0.4840,16.0000,0.6978,1.0000
16.8500,16.2435,7.5200,-12.5257,-0.0012,0.0000,0.1386,20.2476,35.7466,0.4835,16.0000,0.6971,1.0000
16.8600,-14.0338,-14.6845,-12.4754,-0.0027,0.0000,0.1562,20.2464,35.7295,0.4831,16.0000,0.6963,1.0000
16.8700,2.0712,12.1133,-1.1217,-0.0013,0.0000,0.1739,20.2452,35.7123,0.4826,16.0000,0.6956,1.0000
16.8800,10.2900,-4.1163,-19.7238,0.0001,0.0000,0.1916,20.2440,35.6951,0.4821,16.0000,0.6948,1.0000
16.8900,-16.8311,-6.7827,-5.8848,0.0002,0.0000,0.2093,20.2428,35.6779,0.4837,16.0000,0.6941,1.0000
16.9000,14.4507,13.5474,-6.8194,0.0003,0.0000,0.2270,20.2416,35.6607,0.4854,16.0000,0.6934,1.0000
16.9100,-3.6793,-12.3836,-18.6062,-0.0016,0.0000,0.1673,20.2478,35.5053,0.4871,16.0000,0.6926,1.0000
16.9200,-9.5360,6.2071,0.1559,-0.0034,0.0000,0.1077,20.2540,35.3499,0.4887,16.0000,0.6919,1.0000
16.9300,16.3957,5.8883,-16.0582,-0.0029,0.0000,0.0481,20.2602,35.1945,0.4838,16.0000,0.6911,1.0000
16.9400,-14.5004,-12.8223,-12.3410,-0.0025,0.0000,-0.0115,20.2664,35.0392,0.4788,16.0000,0.6904,1.0000
16.9500,5.3372,13.0594,-3.0294,-0.0034,0.0000,-0.0711,20.2727,34.8838,0.4739,16.0000,0.6897,1.0000
16.9600,6.8096,-5.0642,-19.3711,-0.0042,0.0000,-0.0750,20.2789,34.7284,0.4690,16.0000,0.6889,1.0000
16.9700,-16.3991,-4.4797,-5.0026,-0.0008,0.0000,-0.0788,20.2851,34.5730,0.4719,16.0000,0.6882,1.0000
16.9800,14.8805,12.7677,-8.9201,0.0026,0.0000,-0.0826,20.2913,34.4176,0.4749,16.0000,0.6874,1.0000
16.9900,-5.8300,-13.8946,-17.1573,0.0023,0.0000,-0.0865,20.2975,34.2622,0.4778,16.0000,0.6867,1.0000
17.0000,-6.2526,7.9387,-0.8403,0.0020,0.0000,-0.0903,20.3037,34.1068,0.4807,16.0000,0.6860,1.0000
17.0100,15.5700,4.3863,-16.1321,-0.0009,0.0000,-0.0795,20.4549,30.7361,0.3616,16.0000,0.6861,0.9000
17.0200,-15.2163,-12.6905,-9.3418,-0.0038,0.0000,-0.0687,20.6061,27.3654,0.2425,16.0000,0.6862,0.8000
17.0300,7.5849,14.5742,-2.1205,-0.0026,0.0000,-0.0578,20.7573,23.9948,0.1234,16.0000,0.6863,0.7000
17.0400,4.5182,-7.1816,-19.8141,-0.0014,0.0000,-0.0470,20.9084,20.6241,0.0043,16.0000,0.6864,0.6000
17.0500,-13.7037,-2.6602,-3.1151,-0.0013,0.0000,-0.0362,21.0596,17.2534,0.0032,16.0000,0.6866,0.5000
17.0600,17.1576,11.1936,-10.6137,-0.0012,0.0000,-0.0049,21.2108,13.8827,0.0022,16.0000,0.6867,0.4000
17.0700,-8.8392,-15.6429,-15.2648,-0.0021,0.0000,0.0264,21.3620,10.5120,0.0011,16.0000,0.6868,0.3000
17.0800,-4.8504,9.3013,0.9860,-0.0031,0.0000,0.0577,21.5132,7.1414,0.0000,16.0000,0.6869,0.2000
17.0900,13.9078,2.7876,-16.1719,-0.0049,0.0000,0.0889,21.6643,3.7707,0.0000,16.0000,0.6870,0.1000
17.1000,-16.6743,-11.3228,-8.3852,-0.0068,0.0000,0.1202,21.8155,0.4000,0.0000,16.0000,0.6872,0.0000
17.1100,9.1086,14.8507,-4.4406,-0.0022,0.0000,0.1114,21.8132,0.4000,0.0000,16.0000,0.6873,0.0000
17.1200,2.0110,-9.5406,-19.3901,0.0024,0.0000,0.1025,21.8109,0.4000,0.0000,16.0000,0.6874,0.0000
17.1300,-13.3555,0.8119,-2.0028,0.0004,0.0000,0.0937,21.8086,0.4000,0.0015,16.0000,0.6875,0.0000
17.1400,18.0043,9.8673,-12.6995,-0.0016,0.0000,0.0849,21.8063,0.4000,0.0030,16.0000,0.6876,0.0000
17.1500,-10.2468,-13.9620,-14.5712,-0.0005,0.0000,0.0760,21.8040,0.4000,0.0045,16.0000,0.6878,0.0000
17.1600,0.2029,10.7983,-0.8691,0.0007,0.0000,0.0628,21.8017,0.4000,0.0060,16.0000,0.6879,0.0000
17.1700,13.8070,-1.0655,-18.0274,-0.0004,0.0000,0.0495,21.7994,0.4000,0.0045,16.0000,0.6880,0.0000
17.1800,-17.2355,-10.5175,-7.7010,-0.0014,0.0000,0.0363,21.7971,0.4000,0.0030,16.0000,0.6881,0.0000
17.1900,12.9008,13.8023,-5.4574,-0.0012,0.0000,0.0230,21.7949,0.4000,0.0015,16.0000,0.6883,0.0000
17.2000,-0.8193,-12.2937,-19.5211,-0.0010,0.0000,0.0098,21.7926,0.4000,0.0000,16.0000,0.6884,0.0000
17.2100,-10.8671,2.5082,-0.0891,0.0002,0.0000,0.1122,21.7903,0.4000,0.0009,16.0000,0.6891,0.0000
17.2200,16.9912,8.5652,-13.8979,0.0015,0.0000,0.2145,21.7880,0.4000,0.0017,16.0000,0.6898,0.0000
17.2300,-13.2223,-13.9759,-12.7234,0.0010,0.0000,0.3169,21.7857,0.4000,0.0026,16.0000,0.6905,0.0000
17.2400,1.2980,13.2727,-1.0283,0.0005,0.0000,0.4193,21.7835,0.4000,0.0034,16.0000,0.6912,0.0000
17.2500,10.0155,-3.9717,-19.0279,-0.0011,0.0000,0.5217,21.7812,0.4000,0.0026,16.0000,0.6919,0.0000
17.2600,-17.4319,-6.3125,-5.5194,-0.0028,0.0000,0.3976,21.7789,0.4000,0.0017,16.0000,0.6926,0.0000
17.2700,13.6942,14.2655,-5.7424,-0.0007,0.0000,0.2735,21.7766,0.4000,0.0009,16.0000,0.6933,0.0000
17.2800,-3.2356,-12.9516,-18.1693,0.0013,0.0000,0.1495,21.7744,0.4000,0.0000,16.0000,0.6941,0.0000
17.2900,-8.8675,5.1531,-0.8412,0.0008,0.0000,0.0254,21.7721,0.4000,0.0000,16.0000,0.6948,0.0000
17.3000,16.7548,6.1431,-15.0945,0.0002,0.0000,-0.0987,21.7698,0.4000,0.0000,16.0000,0.6955,0.0000
17.3100,-14.3811,-15.0872,-12.1748,0.0005,0.0000,-0.0022,21.7691,0.4000,0.0000,16.0000,0.6962,0.0000
17.3200,4.7215,13.4429,-1.8225,0.0008,0.0000,0.0942,21.7684,0.4000,0.0000,16.0000,0.6969,0.0000
17.3300,7.9196,-6.0020,-19.8665,0.0013,0.0000,0.1906,21.7677,0.4000,0.0024,16.0000,0.6976,0.0000
17.3400,-15.2206,-5.1522,-4.7399,0.0017,0.0000,0.2870,21.7670,0.4000,0.0047,16.0000,0.6983,0.0000
17.3500,14.6769,11.7109,-9.5401,0.0011,0.0000,0.3834,21.7662,0.4000,0.0071,16.0000,0.6990,0.0000
17.3600,-6.5521,-14.6067,-15.4768,0.0004,0.0000,0.1951,21.7655,0.4000,0.0095,16.0000,0.6997,0.0000
17.3700,-6.4261,6.8517,-1.3322,-0.0025,0.0000,0.0068,21.7648,0.4000,0.0073,16.0000,0.7005,0.0000
17.3800,15.8013,3.7161,-15.0138,-0.0054,0.0000,-0.1815,21.7641,0.4000,0.0051,16.0000,0.7012,0.0000
17.3900,-15.8557,-11.3572,-10.2126,-0.0036,0.0000,-0.3698,21.7634,0.4000,0.0029,16.0000,0.7019,0.0000
17.4000,7.1022,14.7285,-3.2445,-0.0018,0.0000,-0.5581,21.7627,0.4000,0.0007,16.0000,0.7026,0.0000
17.4100,5.4013,-8.1510,-18.9697,-0.0011,0.0000,-0.5167,21.7649,0.4000,0.0010,16.0000,0.7038,0.0000
17.4200,-15.3544,-1.5467,-2.3123,-0.0003,0.0000,-0.4754,21.7671,0.4000,0.0013,16.0000,0.7051,0.0000
17.4300,16.7704,11.7416,-11.0158,0.0004,0.0000,-0.4340,21.7694,0.4000,0.0016,16.0000,0.7063,0.0000
17.4400,-8.1737,-15.1024,-15.7548,0.0011,0.0000,-0.3927,21.7716,0.4000,0.0019,16.0000,0.7076,0.0000
17.4500,-2.9577,9.0084,-1.6328,0.0007,0.0000,-0.3513,21.7738,0.4000,0.0018,16.0000,0.7088,0.0000
17.4600,15.2771,0.8257,-18.2622,0.0004,0.0000,-0.2488,21.7761,0.4000,0.0018,16.0000,0.7101,0.0000
17.4700,-17.3226,-10.3586,-8.1571,-0.0003,0.0000,-0.1462,21.7783,0.4000,0.0018,16.0000,0.7114,0.0000
17.4800,9.0397,14.3925,-5.3207,-0.0010,0.0000,-0.0437,21.7805,0.4000,0.0018,16.0000,0.7126,0.0000
17.4900,2.0259,-10.3442,-18.9547,-0.0013,0.0000,0.0589,21.7828,0.4000,0.0024,16.0000,0.7139,0.0000
17.5000,-13.2225,1.1066,-1.3765,-0.0015,0.0000,0.1614,21.7850,0.4000,0.0029,16.0000,0.7151,0.0000
17.5100,15.6851,9.2498,-12.4492,-0.0020,0.0000,0.1211,21.7815,0.4000,0.0035,16.0000,0.7164,0.0000
17.5200,-11.2288,-14.7942,-15.8973,-0.0025,0.0000,0.0808,21.7780,0.4000,0.0041,16.0000,0.7176,0.0000
17.5300,-0.7228,10.7888,-0.4804,-0.0018,0.0000,0.0405,21.7746,0.4000,0.0035,16.0000,0.7189,0.0000
17.5400,11.8578,-1.2354,-16.8024,-0.0010,0.0000,0.0002,21.7711,0.4000,0.0029,16.0000,0.7201,0.0000
17.5500,-17.6834,-8.3375,-7.0677,-0.0003,0.0000,-0.0401,21.7676,0.4000,0.0024,16.0000,0.7214,0.0000
17.5600,13.3206,15.2744,-5.2106,0.0004,0.0000,-0.0319,21.7641,0.4000,0.0018,16.0000,0.7226,0.0000
17.5700,-0.5584,-11.9730,-18.8817,0.0009,0.0000,-0.0238,21.7606,0.4000,0.0014,16.0000,0.7239,0.0000
17.5800,-11.3490,2.5952,-1.1732,0.0014,0.0000,-0.0157,21.7571,0.4000,0.0009,16.0000,0.7251,0.0000
17.5900,16.8146,7.7826,-14.0073,0.0009,0.0000,-0.0075,21.7537,0.4000,0.0005,16.0000,0.7264,0.0000
17.6000,-13.3147,-14.7259,-13.2097,0.0004,0.0000,0.0006,21.7502,0.4000,0.0000,16.0000,0.7276,0.0000
17.6100,3.2162,12.7039,-2.8910,0.0000,0.0000,-0.0126,21.7472,0.4000,0.0010,16.0000,0.7296,0.0000
17.6200,9.4135,-5.1442,-17.5786,-0.0004,0.0000,-0.0259,21.7443,0.4000,0.0020,16.0000,0.7317,0.0000
17.6300,-18.0620,-6.9131,-5.3919,-0.0001,0.0000,-0.0391,21.7414,0.4000,0.0029,16.0000,0.7337,0.0000
17.6400,13.6627,11.8942,-7.1084,0.0001,0.0000,-0.0523,21.7384,0.4000,0.0039,16.0000,0.7357,0.0000
17.6500,-4.6116,-12.7634,-16.5776,-0.0020,0.0000,-0.0655,21.7355,0.4000,0.0029,16.0000,0.7377,0.0000
17.6600,-9.0045,5.8850,-0.7797,-0.0042,0.0000,-0.0418,21.7326,0.4000,0.0020,16.0000,0.7398,0.0000
17.6700,16.2350,6.9684,-15.3059,-0.0029,0.0000,-0.0180,21.7296,0.4000,0.0010,16.0000,0.7418,0.0000
17.6800,-16.2244,-12.6170,-10.8147,-0.0016,0.0000,0.0057,21.7267,0.4000,0.0000,16.0000,0.7438,0.0000
17.6900,6.0346,14.2496,-2.0992,-0.0025,0.0000,0.0295,21.7238,0.4000,0.0013,16.0000,0.7458,0.0000
17.7000,7.3539,-5.7572,-18.8098,-0.0034,0.0000,0.0532,21.7208,0.4000,0.0025,16.0000,0.7478,0.0000
17.7100,-14.9595,-2.6759,-3.8104,-0.0024,0.0000,0.0970,21.7201,0.4000,0.0038,16.0000,0.7499,0.0000
17.7200,17.0267,12.0095,-11.3003,-0.0015,0.0000,0.1407,21.7194,0.4000,0.0051,16.0000,0.7519,0.0000
17.7300,-7.1997,-14.4602,-15.1920,-0.0028,0.0000,0.1845,21.7187,0.4000,0.0038,16.0000,0.7539,0.0000
17.7400,-6.2882,7.2166,0.0115,-0.0042,0.0000,0.2283,21.7180,0.4000,0.0025,16.0000,0.7559,0.0000
17.7500,14.4108,2.0764,-17.1964,-0.0035,0.0000,0.2721,21.7172,0.4000,0.0013,16.0000,0.7579,0.0000
17.7600,-17.3794,-11.7994,-9.4818,-0.0028,0.0000,0.1934,21.7165,0.4000,0.0000,16.0000,0.7600,0.0000
17.7700,8.2068,14.1931,-4.3665,-0.0008,0.0000,0.1147,21.7158,0.4000,0.0007,16.0000,0.7620,0.0000
17.7800,3.0388,-8.7130,-19.4856,0.0011,0.0000,0.0361,21.7151,0.4000,0.0015,16.0000,0.7640,0.0000
17.7900,-13.0090,-0.4803,-2.0865,0.0001,0.0000,-0.0426,21.7144,0.4000,0.0022,16.0000,0.7660,0.0000
17.8000,17.3979,10.5964,-11.1156,-0.0010,0.0000,-0.1213,21.7137,0.4000,0.0030,16.0000,0.7681,0.0000
17.8100,-10.8092,-13.6684,-15.4384,0.0025,0.0000,-0.1021,21.7110,0.4000,0.0030,16.0000,0.7644,0.0000
17.8200,-0.8548,11.8646,-0.9148,0.0060,0.0000,-0.0830,21.7083,0.4000,0.0029,16.0000,0.7607,0.0000
17.8300,13.5490,-0.4289,-18.2683,0.0030,0.0000,-0.0638,21.7056,0.4000,0.0029,16.0000,0.7571,0.0000
17.8400,-17.8289,-9.9185,-7.5499,-0.0001,0.0000,-0.0447,21.7029,0.4000,0.0029,16.0000,0.7534,0.0000
17.8500,11.1486,14.6241,-6.0373,0.0019,0.0000,-0.0255,21.7003,0.4000,0.0029,16.0000,0.7498,0.0000
17.8600,0.6834,-11.8819,-19.8606,0.0039,0.0000,0.0398,21.6976,0.4000,0.0028,16.0000,0.7461,0.0000
17.8700,-11.8452,2.0886,-0.6221,0.0038,0.0000,0.1052,21.6949,0.4000,0.0027,16.0000,0.7425,0.0000
17.8800,17.0525,7.9214,-13.3088,0.0037,0.0000,0.1705,21.6922,0.4000,0.0027,16.0000,0.7388,0.0000
17.8900,-13.1172,-14.6901,-13.0350,-0.0003,0.0000,0.2359,21.6896,0.4000,0.0020,16.0000,0.7352,0.0000
17.9000,0.7322,12.0228,-1.8642,-0.0044,0.0000,0.3013,21.6869,0.4000,0.0013,16.0000,0.7315,0.0000
17.9100,10.6745,-2.3619,-18.6024,-0.0010,0.0000,0.2274,21.6886,0.4000,0.0007,16.0000,0.7279,0.0000
17.9200,-17.2843,-7.2409,-5.5064,0.0023,0.0000,0.1536,21.6904,0.4000,0.0000,16.0000,0.7242,0.0000
17.9300,14.5635,13.7416,-6.7969,-0.0003,0.0000,0.0797,21.6921,0.4000,0.0023,16.0000,0.7206,0.0000
17.9400,-3.9181,-12.9766,-18.0988,-0.0029,0.0000,0.0059,21.6938,0.4000,0.0047,16.0000,0.7169,0.0000
17.9500,-8.8759,6.1847,-1.3117,-0.0029,0.0000,-0.0680,21.6956,0.4000,0.0070,16.0000,0.7133,0.0000
17.9600,16.8649,6.1750,-15.2641,-0.0028,0.0000,-0.0357,21.6973,0.4000,0.0093,16.0000,0.7096,0.0000
17.9700,-16.0772,-14.0595,-12.2355,-0.0016,0.0000,-0.0034,21.6991,0.4000,0.0070,16.0000,0.7060,0.0000
17.9800,5.2853,14.1390,-4.1302,-0.0005,0.0000,0.0288,21.7008,0.4000,0.0047,16.0000,0.7023,0.0000
17.9900,7.1321,-7.1175,-18.7205,-0.0002,0.0000,0.0611,21.7025,0.4000,0.0023,16.0000,0.6987,0.0000
18.0000,-15.4032,-4.5535,-4.4125,-0.0000,0.0000,0.0934,21.7043,0.4000,0.0000,16.0000,0.6950,0.0000
